Date,Route,Rating,Notes,URL,Pitches,Location,"Avg Stars","Your Stars",Style,"Lead Style","Route Type","Your Rating",Length,"Rating Code"
2023-06-11,"Hilti Dust",5.11b,"Top rope solo + SRS",https://www.mountainproject.com/route/108393461/hilti-dust,3,"Idaho > West Idaho > Black Cliffs > Short Cliffs",2.6,-1,TR,,Sport,,,4900
2023-06-11,"Spiny Trouble",5.10b,"Top rope solo + SRS",https://www.mountainproject.com/route/108394861/spiny-trouble,4,"Idaho > West Idaho > Black Cliffs > Short Cliffs",1.4,1,TR,,Sport,5.10b/c,,2900
2023-06-11,"Safe Sex Subaru",5.10a,"Top rope solo",https://www.mountainproject.com/route/116200857/safe-sex-subaru,2,"Idaho > West Idaho > Black Cliffs > Short Cliffs",1.7,1,TR,,"Trad, TR",5.10a,35,2600
2023-06-11,"No Name","5.10b PG13","Top rope solo. The top section of the rightmost unknown route is really fun, the top of the middle route is very thin",https://www.mountainproject.com/route/116164054/no-name,7,"Idaho > West Idaho > Black Cliffs > Short Cliffs",2.0,1,TR,,"Trad, TR","5.10b PG13",35,2900
2023-06-07,"Texas Two-Step",V-easy,,https://www.mountainproject.com/route/122375028/texas-two-step,1,"Idaho > West Idaho > Swan Falls > Black Slabbath Area",1.0,-1,Flash,,Boulder,,7,20000
2023-06-07,"Rock snob Boulder, north face",V0,,https://www.mountainproject.com/route/116241445/rock-snob-boulder-north-face,1,"Idaho > West Idaho > Swan Falls > Hairpin Boulders",1.0,-1,Flash,,Boulder,,,20008
2023-06-07,"Rock snob boulder, north face",V0-,,https://www.mountainproject.com/route/116241415/rock-snob-boulder-north-face,1,"Idaho > West Idaho > Swan Falls > Hairpin Boulders",1.0,-1,Flash,,Boulder,,,20005
2023-06-07,"Rock Snob Boulder group, V easy face",V-easy,,https://www.mountainproject.com/route/116241301/rock-snob-boulder-group-v-easy-face,1,"Idaho > West Idaho > Swan Falls > Hairpin Boulders",1.5,-1,Flash,,Boulder,,,20000
2023-06-07,"Rock Snob Boulder group, V0- route",V-easy,,https://www.mountainproject.com/route/113833523/rock-snob-boulder-group-v0-route,1,"Idaho > West Idaho > Swan Falls > Hairpin Boulders",1.5,-1,Flash,,Boulder,,,20000
2023-06-07,"Rock Snob - Slappy Boy",V0+,,https://www.mountainproject.com/route/120834112/rock-snob-slappy-boy,1,"Idaho > West Idaho > Swan Falls > Hairpin Boulders",1.6,2,Flash,,Boulder,,,20010
2023-06-07,Goldilocks,V0,,https://www.mountainproject.com/route/123434228/goldilocks,1,"Idaho > West Idaho > Swan Falls > Black Slabbath Area",1.0,1,Send,,Boulder,,7,20008
2023-06-07,"Belly Up",V3,"Started with the knee bar in place",https://www.mountainproject.com/route/123434678/belly-up,1,"Idaho > West Idaho > Swan Falls > Black Slabbath Area",2.0,-1,Attempt,,Boulder,,7,20300
2023-06-07,"Cool Edges",V2,,https://www.mountainproject.com/route/123582085/cool-edges,1,"Idaho > West Idaho > Swan Falls > Black Slabbath Area",2.0,2,Send,,Boulder,,9,20200
2023-06-07,"Crack Traverse",V0-,,https://www.mountainproject.com/route/122369894/crack-traverse,1,"Idaho > West Idaho > Swan Falls > Black Slabbath Area",2.0,-1,Flash,,Boulder,,7,20005
2023-06-07,"Girly Man",V0-,,https://www.mountainproject.com/route/123500240/girly-man,1,"Idaho > West Idaho > Swan Falls > Black Slabbath Area",1.5,1,Send,,Boulder,,,20005
2023-06-07,"Powder Man",V2,,https://www.mountainproject.com/route/123432296/powder-man,1,"Idaho > West Idaho > Swan Falls > Black Slabbath Area",2.5,3,Send,,Boulder,,12,20200
2023-06-07,"Rail Yard",V1+,"The feet are glassy, establishing before the jump is quite tricky",https://www.mountainproject.com/route/123582159/rail-yard,2,"Idaho > West Idaho > Swan Falls > Burnt Boulder Area",2.0,2,Send,,Boulder,V1+,8,20110
2023-06-07,"The Austrian",V3,,https://www.mountainproject.com/route/118665736/the-austrian,2,"Idaho > West Idaho > Swan Falls > Black Slabbath Area",2.9,3,Flash,,Boulder,,15,20300
2023-06-07,"Neophyte Crack",V0-,,https://www.mountainproject.com/route/123436024/neophyte-crack,2,"Idaho > West Idaho > Swan Falls > Black Slabbath Area",2.0,-1,Flash,,Boulder,,10,20005
2023-06-07,"Flaky Sidepulls",V3,"Didn't commit to the top",https://www.mountainproject.com/route/116809818/flaky-sidepulls,1,"Idaho > West Idaho > Swan Falls > Black Slabbath Area",3.0,-1,Attempt,,Boulder,,15,20300
2023-06-07,"Flaky Left",V1,,https://www.mountainproject.com/route/116809804/flaky-left,1,"Idaho > West Idaho > Swan Falls > Black Slabbath Area",2.3,-1,Send,,Boulder,,10,20100
2023-06-07,"Black Slabbath",V1,,https://www.mountainproject.com/route/116809841/black-slabbath,3,"Idaho > West Idaho > Swan Falls > Black Slabbath Area",3.6,4,Send,,Boulder,V1,15,20100
2023-06-07,"Rock Snob",V1,,https://www.mountainproject.com/route/116241341/rock-snob,1,"Idaho > West Idaho > Swan Falls > Hairpin Boulders",2.2,3,Send,,Boulder,,,20100
2023-06-04,Toddler,5.7,,https://www.mountainproject.com/route/106062289/toddler,1,"Idaho > West Idaho > Black Cliffs > Short Cliffs",2.0,-1,TR,,"Sport, TR",,40,1800
2023-06-04,Toddler,5.7,,https://www.mountainproject.com/route/106062289/toddler,1,"Idaho > West Idaho > Black Cliffs > Short Cliffs",2.0,-1,Lead,Onsight,"Sport, TR",,40,1800
2023-06-04,"Jump Chump",5.9,,https://www.mountainproject.com/route/108670882/jump-chump,1,"Idaho > West Idaho > Black Cliffs > Short Cliffs",1.9,-1,TR,,Sport,,40,2400
2023-06-04,"Jump Chump",5.9,,https://www.mountainproject.com/route/108670882/jump-chump,1,"Idaho > West Idaho > Black Cliffs > Short Cliffs",1.9,-1,Lead,Onsight,Sport,,40,2400
2023-06-03,"Bryan's Route",5.9,,https://www.mountainproject.com/route/108174120/bryans-route,1,"Idaho > West Idaho > Black Cliffs > The New Fringe",2.8,3,Lead,Redpoint,Sport,5.9-,,2400
2023-06-03,Bushwhacker,5.7+,,https://www.mountainproject.com/route/106759008/bushwhacker,1,"Idaho > West Idaho > Black Cliffs > The New Fringe",2.4,2,TR,,Sport,5.8,40,1900
2023-06-03,Bushwhacker,5.7+,,https://www.mountainproject.com/route/106759008/bushwhacker,1,"Idaho > West Idaho > Black Cliffs > The New Fringe",2.4,2,Lead,Redpoint,Sport,5.8,40,1900
2023-06-03,"BSU Fantasy",5.9,,https://www.mountainproject.com/route/108177975/bsu-fantasy,1,"Idaho > West Idaho > Black Cliffs > Populace Wall",2.4,2,Lead,Redpoint,Sport,,,2400
2023-06-03,"Furst As Sent","5.8+ PG13",,https://www.mountainproject.com/route/111709407/furst-as-sent,1,"Idaho > West Idaho > Black Cliffs > Populace Wall",2.2,-1,TR,,Trad,,50,2200
2023-06-03,"Stems and Jammies",5.7+,,https://www.mountainproject.com/route/106069021/stems-and-jammies,1,"Idaho > West Idaho > Black Cliffs > Populace Wall",3.0,3,TR,,"Trad, TR",5.7+,60,1900
2023-06-03,"Populace Offwidth",5.8,,https://www.mountainproject.com/route/116668156/populace-offwidth,1,"Idaho > West Idaho > Black Cliffs > Populace Wall",2.0,-1,TR,,Trad,,40,2100
2023-06-01,"The Temple",5.10b,"Top rope solo",https://www.mountainproject.com/route/108823415/the-temple,1,"Idaho > West Idaho > Black Cliffs > Short Cliffs",2.6,-1,TR,,Trad,,45,2900
2023-06-01,"Goodbye Mr. Purple",5.11c,"Top rope solo. Hung at the second to last bolt both laps",https://www.mountainproject.com/route/114482347/goodbye-mr-purple,2,"Idaho > West Idaho > Black Cliffs > Short Cliffs",1.5,-1,TR,,"Sport, TR",,50,5200
2023-06-01,"Kowallis and Richards Hardware Bin",5.10a,"Top rope solo",https://www.mountainproject.com/route/114482337/kowallis-and-richards-hardware-bin,2,"Idaho > West Idaho > Black Cliffs > Short Cliffs",2.0,-1,TR,,"Trad, TR",,50,2600
2023-06-01,"Lunch Ledge",5.9+,"Top rope solo",https://www.mountainproject.com/route/114482246/lunch-ledge,4,"Idaho > West Idaho > Black Cliffs > Short Cliffs",2.2,2,TR,,"Trad, TR",5.9+,50,2500
2023-05-28,"Unknown Offwidth",5.9,"Top rope solo",https://www.mountainproject.com/route/124214254/unknown-offwidth,1,"Idaho > West Idaho > Black Cliffs > Mid Cliffs",1.0,1,TR,,Trad,,50,2400
2023-05-28,"Steep Disorder",5.10c,"Top rope solo. Built a gear anchor on the ledge to safely access the bolts from above",https://www.mountainproject.com/route/109891545/steep-disorder,4,"Idaho > West Idaho > Black Cliffs > Mid Cliffs",2.8,3,TR,,"Trad, TR",,,3200
2023-05-28,"The Puffer",5.9,"Top rope solo",https://www.mountainproject.com/route/108049324/the-puffer,1,"Idaho > West Idaho > Black Cliffs > Mid Cliffs",1.8,1,TR,,Sport,,,2400
2023-05-28,Ajax,5.9,"Top rope solo",https://www.mountainproject.com/route/106290367/ajax,1,"Idaho > West Idaho > Black Cliffs > Mid Cliffs",2.5,-1,TR,,Sport,,45,2400
2023-05-28,409,5.8,"Top rope solo. The only beta I've found for the top bulge feels like 5.9",https://www.mountainproject.com/route/106290377/409,2,"Idaho > West Idaho > Black Cliffs > Mid Cliffs",2.2,-1,TR,,"Trad, TR",,45,2100
2023-05-28,"Loaded Gun",5.7,"Top rope solo ",https://www.mountainproject.com/route/109305187/loaded-gun,2,"Idaho > West Idaho > Black Cliffs > Mid Cliffs",2.1,2,TR,,Trad,,45,1800
2023-05-28,"Tidy Up",5.10a,"Top rope solo",https://www.mountainproject.com/route/108049362/tidy-up,2,"Idaho > West Idaho > Black Cliffs > Mid Cliffs",2.3,2,TR,,Sport,,,2600
2023-05-27,Bushwhacker,5.7+,,https://www.mountainproject.com/route/106759008/bushwhacker,1,"Idaho > West Idaho > Black Cliffs > The New Fringe",2.4,2,TR,,Sport,5.8,40,1900
2023-05-27,Bushwhacker,5.7+,,https://www.mountainproject.com/route/106759008/bushwhacker,1,"Idaho > West Idaho > Black Cliffs > The New Fringe",2.4,2,Lead,Redpoint,Sport,5.8,40,1900
2023-05-27,"Bryan's Route",5.9,,https://www.mountainproject.com/route/108174120/bryans-route,1,"Idaho > West Idaho > Black Cliffs > The New Fringe",2.8,3,TR,,Sport,5.9-,,2400
2023-05-27,"Bryan's Route",5.9,,https://www.mountainproject.com/route/108174120/bryans-route,1,"Idaho > West Idaho > Black Cliffs > The New Fringe",2.8,3,Lead,Redpoint,Sport,5.9-,,2400
2023-05-27,"The King With A Crowbar",5.9,"Top rope solo",https://www.mountainproject.com/route/109600879/the-king-with-a-crowbar,3,"Idaho > West Idaho > Black Cliffs > The New Fringe",2.6,2,TR,,Sport,5.9,50,2400
2023-05-27,"The King With A Crowbar",5.9,,https://www.mountainproject.com/route/109600879/the-king-with-a-crowbar,1,"Idaho > West Idaho > Black Cliffs > The New Fringe",2.6,2,TR,,Sport,5.9,50,2400
2023-05-27,"The King With A Crowbar",5.9,,https://www.mountainproject.com/route/109600879/the-king-with-a-crowbar,1,"Idaho > West Idaho > Black Cliffs > The New Fringe",2.6,2,Lead,Onsight,Sport,5.9,50,2400
2023-05-24,"Sweet Thing",5.9,,https://www.mountainproject.com/route/106759024/sweet-thing,1,"Idaho > West Idaho > Black Cliffs > The New Fringe",2.3,2,Lead,Onsight,Sport,5.9,40,2400
2023-05-24,"Sweet Thing",5.9,"Super high right foot on the bulge seems to work, but it's strenuous for 5.9",https://www.mountainproject.com/route/106759024/sweet-thing,2,"Idaho > West Idaho > Black Cliffs > The New Fringe",2.3,2,TR,,Sport,5.9,40,2400
2023-05-24,"Stems and Jammies",5.7+,,https://www.mountainproject.com/route/106069021/stems-and-jammies,2,"Idaho > West Idaho > Black Cliffs > Populace Wall",3.0,3,TR,,"Trad, TR",5.7+,60,1900
2023-05-24,"BSU Fantasy",5.9,,https://www.mountainproject.com/route/108177975/bsu-fantasy,1,"Idaho > West Idaho > Black Cliffs > Populace Wall",2.4,2,TR,,Sport,,,2400
2023-05-24,"BSU Fantasy",5.9,,https://www.mountainproject.com/route/108177975/bsu-fantasy,1,"Idaho > West Idaho > Black Cliffs > Populace Wall",2.4,2,Lead,Redpoint,Sport,,,2400
2023-05-23,"Bryan's Route",5.9,,https://www.mountainproject.com/route/108174120/bryans-route,3,"Idaho > West Idaho > Black Cliffs > The New Fringe",2.8,3,TR,,Sport,5.9-,,2400
2023-05-23,"Ugly Duckling",5.10a,,https://www.mountainproject.com/route/109053889/ugly-duckling,1,"Idaho > West Idaho > Black Cliffs > The New Fringe",2.3,3,Lead,Onsight,Sport,5.10a/b,50,2600
2023-05-23,Bushwhacker,5.7+,"Placed a #1 friend between bolts 4 and 5",https://www.mountainproject.com/route/106759008/bushwhacker,1,"Idaho > West Idaho > Black Cliffs > The New Fringe",2.4,2,Lead,Onsight,Sport,5.8,40,1900
2023-05-23,Bushwhacker,5.7+,,https://www.mountainproject.com/route/106759008/bushwhacker,1,"Idaho > West Idaho > Black Cliffs > The New Fringe",2.4,2,TR,,Sport,5.8,40,1900
2023-05-21,"Sweet Adene",5.8,,https://www.mountainproject.com/route/107641513/sweet-adene,1,"Idaho > West Idaho > Black Cliffs > Populace Wall",3.1,3,TR,,Sport,,55,2100
2023-05-21,"Sweet Adene",5.8,,https://www.mountainproject.com/route/107641513/sweet-adene,1,"Idaho > West Idaho > Black Cliffs > Populace Wall",3.1,3,Lead,Redpoint,Sport,,55,2100
2023-05-21,"Epic for the Masses",5.7+,,https://www.mountainproject.com/route/106758983/epic-for-the-masses,1,"Idaho > West Idaho > Black Cliffs > The New Fringe",2.1,2,TR,,Sport,5.8,40,1900
2023-05-21,"Epic for the Masses",5.7+,"Felt super awkward, not really fun the first time",https://www.mountainproject.com/route/106758983/epic-for-the-masses,1,"Idaho > West Idaho > Black Cliffs > The New Fringe",2.1,2,Lead,Onsight,Sport,5.8,40,1900
2023-05-21,"All the Way Home",5.10a,,https://www.mountainproject.com/route/109304356/all-the-way-home,3,"Idaho > West Idaho > Black Cliffs > The New Fringe",2.4,3,TR,,Sport,5.10a,50,2600
2023-05-21,"All the Way Home",5.10a,,https://www.mountainproject.com/route/109304356/all-the-way-home,1,"Idaho > West Idaho > Black Cliffs > The New Fringe",2.4,3,Lead,Onsight,Sport,5.10a,50,2600
2023-05-18,"Row Your Boat",5.10a,,https://www.mountainproject.com/route/110391960/row-your-boat,1,"Idaho > West Idaho > Black Cliffs > West Car Body Canyon",2.4,-1,Lead,Redpoint,Sport,,,2600
2023-05-18,"Watts Up?",5.9,,https://www.mountainproject.com/route/107609148/watts-up,1,"Idaho > West Idaho > Black Cliffs > West Car Body Canyon",2.0,-1,TR,,TR,,50,2400
2023-05-18,"Circuit Breaker",5.10b,,https://www.mountainproject.com/route/107234553/circuit-breaker,1,"Idaho > West Idaho > Black Cliffs > West Car Body Canyon",2.8,-1,TR,,Sport,,50,2900
2023-05-18,"Circuit Breaker",5.10b,"Hung at the last bolt- the section before the chains looks very blank, but going slightly left is easy if it's on",https://www.mountainproject.com/route/107234553/circuit-breaker,1,"Idaho > West Idaho > Black Cliffs > West Car Body Canyon",2.8,-1,Lead,Fell/Hung,Sport,,50,2900
2023-05-18,"Lizard Breath",5.10a,"Climbed normally with stemming, then by sticking to holds on the left column/crack only, around 10b",https://www.mountainproject.com/route/107116433/lizard-breath,2,"Idaho > West Idaho > Black Cliffs > West Car Body Canyon",2.4,3,TR,,Sport,5.10a,50,2600
2023-05-18,"Lizard Breath",5.10a,,https://www.mountainproject.com/route/107116433/lizard-breath,1,"Idaho > West Idaho > Black Cliffs > West Car Body Canyon",2.4,3,Lead,Onsight,Sport,5.10a,50,2600
2023-05-14,"Holiday Nuts",5.9,"Top rope solo",https://www.mountainproject.com/route/116228776/holiday-nuts,1,"Idaho > West Idaho > Black Cliffs > Short Cliffs",2.0,-1,TR,,"Trad, TR",,35,2400
2023-05-14,"The Layback",5.9+,"Top rope solo",https://www.mountainproject.com/route/116228706/the-layback,2,"Idaho > West Idaho > Black Cliffs > Short Cliffs",2.9,-1,TR,,"Trad, TR",,,2500
2023-05-14,"Big Fat Crack",5.8+,"Top rope solo. Felt pretty awkward",https://www.mountainproject.com/route/112318544/big-fat-crack,1,"Idaho > West Idaho > Black Cliffs > Short Cliffs",2.0,-1,TR,,"Trad, TR",,40,2200
2023-05-14,"Mystery Route",5.10b,"Top rope solo",https://www.mountainproject.com/route/106185961/mystery-route,3,"Idaho > West Idaho > Black Cliffs > Short Cliffs",2.7,3,TR,,Sport,,40,2900
2023-05-14,"Buster Bronco",5.7+,"Top rope solo",https://www.mountainproject.com/route/108045111/buster-bronco,1,"Idaho > West Idaho > Black Cliffs > Short Cliffs",1.9,1,TR,,"Trad, TR",,40,1900
2023-05-14,"Aunt Fannie",5.7+,"Top rope solo",https://www.mountainproject.com/route/108045117/aunt-fannie,3,"Idaho > West Idaho > Black Cliffs > Short Cliffs",2.0,2,TR,,"Trad, TR",,40,1900
2023-05-14,"Angry Bunnies",5.10c,"Top rope solo",https://www.mountainproject.com/route/109891376/angry-bunnies,3,"Idaho > West Idaho > Black Cliffs > Short Cliffs",2.1,-1,TR,,"Sport, TR",,40,3200
2023-05-12,"Chimney Sweep",5.9,,https://www.mountainproject.com/route/108130538/chimney-sweep,1,"Idaho > North Idaho > Q'Emiln Park > The Grotto",2.6,-1,Lead,Redpoint,Sport,,30,2400
2023-05-12,Chimney,5.9,,https://www.mountainproject.com/route/108130530/chimney,1,"Idaho > North Idaho > Q'Emiln Park > The Grotto",3.0,-1,Lead,Redpoint,Sport,,30,2400
2023-05-12,"Just A Tease",5.9,,https://www.mountainproject.com/route/117990484/just-a-tease,1,"Idaho > North Idaho > Q'Emiln Park > Outlaw Wall",3.6,-1,Lead,Redpoint,Sport,,90,2400
2023-05-12,"Dalai Lama",5.10a,,https://www.mountainproject.com/route/120704413/dalai-lama,1,"Idaho > North Idaho > Q'Emiln Park > Outlaw Wall",2.4,-1,Lead,Redpoint,Sport,,100,2600
2023-05-12,K27,5.9,,https://www.mountainproject.com/route/117968999/k27,1,"Idaho > North Idaho > Q'Emiln Park > Outlaw Wall",3.7,-1,Lead,Redpoint,Sport,5.9,90,2400
2023-05-12,"Dirty Dancing Mini Multipitch",5.7+,"Linked pitches 2+3, led both in a party of 3",https://www.mountainproject.com/route/124137237/dirty-dancing-mini-multipitch,2,"Idaho > North Idaho > Q'Emiln Park > Lower Fifth Canyon",2.0,-1,Lead,Onsight,Sport,,105,1900
2023-05-12,"No Pryor Experience",5.11c,,https://www.mountainproject.com/route/114969273/no-pryor-experience,1,"Idaho > North Idaho > Q'Emiln Park > Lower Fifth Canyon",3.9,-1,TR,,Sport,,80,5200
2023-05-12,"Northwest Passage",5.10c,,https://www.mountainproject.com/route/106569498/northwest-passage,1,"Idaho > North Idaho > Q'Emiln Park > Lower Fifth Canyon",3.4,-1,TR,,Sport,,,3200
2023-05-12,"Spinich Free Flinty",5.10a,,https://www.mountainproject.com/route/106383820/spinich-free-flinty,1,"Idaho > North Idaho > Q'Emiln Park > Garden Wall",2.3,-1,Lead,Flash,"Sport, TR",,50,2600
2023-05-12,Peabody,5.10a,,https://www.mountainproject.com/route/106383834/peabody,1,"Idaho > North Idaho > Q'Emiln Park > Garden Wall",2.6,-1,Lead,Flash,"Sport, TR",,50,2600
2023-05-12,Sherman,5.9,,https://www.mountainproject.com/route/106383795/sherman,1,"Idaho > North Idaho > Q'Emiln Park > Garden Wall",2.7,-1,Lead,Redpoint,"Sport, TR",,50,2400
2023-05-12,"Lion of the North",5.9+,,https://www.mountainproject.com/route/106416135/lion-of-the-north,1,"Idaho > North Idaho > Q'Emiln Park > Post Wall",2.7,-1,Lead,Redpoint,"Sport, TR",,60,2500
2023-05-12,"Schoolhouse Rock",5.4,"With Ike",https://www.mountainproject.com/route/123471610/schoolhouse-rock,2,"Idaho > North Idaho > Q'Emiln Park > Schoolhouse Rock",2.0,-1,Lead,Redpoint,"Sport, TR",,,1400
2023-05-12,"Schoolhouse Rock",5.4,,https://www.mountainproject.com/route/123471610/schoolhouse-rock,1,"Idaho > North Idaho > Q'Emiln Park > Schoolhouse Rock",2.0,-1,Solo,,"Sport, TR",,,1400
2023-05-10,Crabwalkin,V1+,,https://www.mountainproject.com/route/124135630/crabwalkin,1,"Washington > Southeast Corner > Granite Point > Granite Point Boulders > The South Face",2.0,2,Send,,Boulder,V1+,10,20110
2023-05-10,"Ephemeral Arete",5.8,,https://www.mountainproject.com/route/111958070/ephemeral-arete,1,"Washington > Southeast Corner > Granite Point > Granite Point Roped",2.2,2,TR,,"Sport, TR",,45,2100
2023-05-10,Seawall,5.10d,,https://www.mountainproject.com/route/123943366/seawall,1,"Washington > Southeast Corner > Granite Point > Granite Point Roped",3.0,3,TR,,TR,5.10d,30,3500
2023-05-10,"The Sacred Heart",5.8,,https://www.mountainproject.com/route/123275386/the-sacred-heart,1,"Washington > Southeast Corner > Granite Point > Granite Point Roped",2.3,-1,TR,,"Sport, TR",,40,2100
2023-05-10,"The Sacred Heart",5.8,,https://www.mountainproject.com/route/123275386/the-sacred-heart,1,"Washington > Southeast Corner > Granite Point > Granite Point Roped",2.3,-1,Lead,Redpoint,"Sport, TR",,40,2100
2023-05-10,"Insecurity Issues 2: The Electric Boogaloo",5.8-,,https://www.mountainproject.com/route/118586289/insecurity-issues-2-the-electric-boogaloo,1,"Washington > Southeast Corner > Granite Point > Granite Point Roped",1.8,2,TR,,"Sport, TR",,20,2000
2023-05-07,Razorblades,5.11d,"Hung at the second and third bolts",https://www.mountainproject.com/route/106102790/razorblades,1,"Washington > Southeast Corner > Granite Point > Granite Point Roped",2.7,-1,TR,,Sport,,35,5500
2023-05-07,"The Diamond",5.9,,https://www.mountainproject.com/route/123970374/the-diamond,2,"Washington > Southeast Corner > Granite Point > Granite Point Roped",2.0,2,TR,,TR,5.9,45,2400
2023-05-07,"Rotten Crack",5.10,,https://www.mountainproject.com/route/107113069/rotten-crack,1,"Washington > Southeast Corner > Granite Point > Granite Point Roped",2.7,2,TR,,Sport,5.10b,40,3000
2023-05-07,"Insecurity Issues",5.10d,,https://www.mountainproject.com/route/112860750/insecurity-issues,1,"Washington > Southeast Corner > Granite Point > Granite Point Roped",2.3,2,TR,,"Sport, TR",,25,3500
2023-05-07,"Insecurity Issues 2: The Electric Boogaloo",5.8-,,https://www.mountainproject.com/route/118586289/insecurity-issues-2-the-electric-boogaloo,1,"Washington > Southeast Corner > Granite Point > Granite Point Roped",1.8,2,Lead,Redpoint,"Sport, TR",,20,2000
2023-05-07,Subterfuge,5.9,,https://www.mountainproject.com/route/111958006/subterfuge,2,"Washington > Southeast Corner > Granite Point > Granite Point Roped",2.3,3,TR,,"Sport, TR",5.9,30,2400
2023-05-07,Subterfuge,5.9,,https://www.mountainproject.com/route/111958006/subterfuge,1,"Washington > Southeast Corner > Granite Point > Granite Point Roped",2.3,3,Lead,Redpoint,"Sport, TR",5.9,30,2400
2023-05-07,"Face Up",5.8,,https://www.mountainproject.com/route/111957980/face-up,1,"Washington > Southeast Corner > Granite Point > Granite Point Roped",1.3,-1,TR,,"Sport, TR",,20,2100
2023-05-07,"Steep Face",5.7,,https://www.mountainproject.com/route/106145032/steep-face,1,"Washington > Southeast Corner > Granite Point > Granite Point Roped",1.8,-1,TR,,"Sport, TR",,30,1800
2023-05-07,"Steep Face",5.7,,https://www.mountainproject.com/route/106145032/steep-face,1,"Washington > Southeast Corner > Granite Point > Granite Point Roped",1.8,-1,Lead,Redpoint,"Sport, TR",,30,1800
2023-05-04,"Schoolhouse Rock",5.4,"Approach shoes",https://www.mountainproject.com/route/123471610/schoolhouse-rock,10,"Idaho > North Idaho > Q'Emiln Park > Schoolhouse Rock",2.0,-1,Solo,,"Sport, TR",,,1400
2023-05-04,"Rock Whoopie",5.8,"Top rope solo",https://www.mountainproject.com/route/106401694/rock-whoopie,2,"Idaho > North Idaho > Q'Emiln Park > The Block",1.4,1,TR,,"Sport, TR",5.8,35,2100
2023-05-04,Disco,5.8+,"Top rope solo. Used bolt 4 as a redirect",https://www.mountainproject.com/route/106401704/disco,4,"Idaho > North Idaho > Q'Emiln Park > The Block",2.0,-1,TR,,"Sport, TR",,35,2200
2023-05-04,"Billy Goat",5.8,"Top rope solo",https://www.mountainproject.com/route/106410317/billy-goat,3,"Idaho > North Idaho > Q'Emiln Park > Post Wall",2.7,-1,TR,,"Sport, TR",,60,2100
2023-05-04,"Lion of the North",5.9+,"Top rope solo",https://www.mountainproject.com/route/106416135/lion-of-the-north,4,"Idaho > North Idaho > Q'Emiln Park > Post Wall",2.7,-1,TR,,"Sport, TR",,60,2500
2023-05-02,Crabwalkin,V1+,,https://www.mountainproject.com/route/124135630/crabwalkin,2,"Washington > Southeast Corner > Granite Point > Granite Point Boulders > The South Face",2.0,2,Send,,Boulder,V1+,10,20110
2023-05-02,"The Diamond",5.9,,https://www.mountainproject.com/route/123970374/the-diamond,1,"Washington > Southeast Corner > Granite Point > Granite Point Roped",2.0,2,TR,,TR,5.9,45,2400
2023-05-02,Seawall,5.10d,,https://www.mountainproject.com/route/123943366/seawall,1,"Washington > Southeast Corner > Granite Point > Granite Point Roped",3.0,3,TR,,TR,5.10d,30,3500
2023-05-02,"Rotten Crack",5.10,,https://www.mountainproject.com/route/107113069/rotten-crack,1,"Washington > Southeast Corner > Granite Point > Granite Point Roped",2.7,2,TR,,Sport,5.10b,40,3000
2023-05-02,"Rotten Crack",5.10,,https://www.mountainproject.com/route/107113069/rotten-crack,1,"Washington > Southeast Corner > Granite Point > Granite Point Roped",2.7,2,Lead,Redpoint,Sport,5.10b,40,3000
2023-05-02,Subterfuge,5.9,,https://www.mountainproject.com/route/111958006/subterfuge,1,"Washington > Southeast Corner > Granite Point > Granite Point Roped",2.3,3,TR,,"Sport, TR",5.9,30,2400
2023-05-02,Subterfuge,5.9,,https://www.mountainproject.com/route/111958006/subterfuge,1,"Washington > Southeast Corner > Granite Point > Granite Point Roped",2.3,3,Lead,Redpoint,"Sport, TR",5.9,30,2400
2023-05-02,Pendulum,5.10b/c,,https://www.mountainproject.com/route/105834472/pendulum,1,"Washington > Southeast Corner > Granite Point > Granite Point Roped",2.2,2,TR,,Sport,5.10c,40,3100
2023-05-02,Pendulum,5.10b/c,,https://www.mountainproject.com/route/105834472/pendulum,1,"Washington > Southeast Corner > Granite Point > Granite Point Roped",2.2,2,Lead,Fell/Hung,Sport,5.10c,40,3100
2023-04-29,"Buckleys Broomstick",V0-1,,https://www.mountainproject.com/route/119736368/buckleys-broomstick,1,"Washington > Southeast Corner > Granite Point > Granite Point Boulders > The South Face",2.3,2,Send,,Boulder,,13,20050
2023-04-29,"Hand Over Hand",5.11a,"Hung at the crux both times. Crossing from a wide stance is harder than with the left flag, but the position is easier to get into",https://www.mountainproject.com/route/105834468/hand-over-hand,2,"Washington > Southeast Corner > Granite Point > Granite Point Roped",3.0,-1,TR,,Sport,,45,4600
2023-04-29,"The Diamond",5.9,,https://www.mountainproject.com/route/123970374/the-diamond,1,"Washington > Southeast Corner > Granite Point > Granite Point Roped",2.0,2,TR,,TR,5.9,45,2400
2023-04-29,Subterfuge,5.9,,https://www.mountainproject.com/route/111958006/subterfuge,1,"Washington > Southeast Corner > Granite Point > Granite Point Roped",2.3,3,Lead,Redpoint,"Sport, TR",5.9,30,2400
2023-04-29,Subterfuge,5.9,,https://www.mountainproject.com/route/111958006/subterfuge,1,"Washington > Southeast Corner > Granite Point > Granite Point Roped",2.3,3,TR,,"Sport, TR",5.9,30,2400
2023-04-29,"Ephemeral Arete",5.8,,https://www.mountainproject.com/route/111958070/ephemeral-arete,1,"Washington > Southeast Corner > Granite Point > Granite Point Roped",2.2,2,Lead,Redpoint,"Sport, TR",,45,2100
2023-04-29,"Ephemeral Arete",5.8,,https://www.mountainproject.com/route/111958070/ephemeral-arete,1,"Washington > Southeast Corner > Granite Point > Granite Point Roped",2.2,2,TR,,"Sport, TR",,45,2100
2023-04-27,Alchemy,5.10c,"Top rope solo",https://www.mountainproject.com/route/124101656/alchemy,6,"Washington > Southeast Corner > Granite Point > Granite Point Roped",3.0,3,TR,,"Sport, TR",5.10c,55,3200
2023-04-27,"Nirvana Blues",5.11,"Top rope solo",https://www.mountainproject.com/route/119562187/nirvana-blues,3,"Washington > Southeast Corner > Granite Point > Granite Point Roped",3.0,-1,TR,,"Sport, TR",,45,5000
2023-04-27,"Rotten Crack",5.10,"Top rope solo",https://www.mountainproject.com/route/107113069/rotten-crack,1,"Washington > Southeast Corner > Granite Point > Granite Point Roped",2.7,2,TR,,Sport,5.10b,40,3000
2023-04-27,Dreamscape,5.10c,"Top rope solo",https://www.mountainproject.com/route/114782725/dreamscape,2,"Washington > Southeast Corner > Granite Point > Granite Point Roped",2.7,-1,TR,,"Sport, TR",,40,3200
2023-04-27,Pieta,5.11a,"Top rope solo",https://www.mountainproject.com/route/114782636/pieta,1,"Washington > Southeast Corner > Granite Point > Granite Point Roped",3.0,-1,TR,,"Sport, TR",,50,4600
2023-04-25,Seawall,5.10d,"Top rope solo",https://www.mountainproject.com/route/123943366/seawall,6,"Washington > Southeast Corner > Granite Point > Granite Point Roped",3.0,3,TR,,TR,5.10d,30,3500
2023-04-25,Subterfuge,5.9,,https://www.mountainproject.com/route/111958006/subterfuge,1,"Washington > Southeast Corner > Granite Point > Granite Point Roped",2.3,3,TR,,"Sport, TR",5.9,30,2400
2023-04-25,Subterfuge,5.9,,https://www.mountainproject.com/route/111958006/subterfuge,1,"Washington > Southeast Corner > Granite Point > Granite Point Roped",2.3,3,Lead,Redpoint,"Sport, TR",5.9,30,2400
2023-04-25,"Layback Crack",5.6,,https://www.mountainproject.com/route/106145026/layback-crack,2,"Washington > Southeast Corner > Granite Point > Granite Point Roped",2.3,-1,TR,,"Trad, TR",,30,1600
2023-04-25,"Steep Face",5.7,,https://www.mountainproject.com/route/106145032/steep-face,1,"Washington > Southeast Corner > Granite Point > Granite Point Roped",1.8,-1,TR,,"Sport, TR",,30,1800
2023-04-25,Pieta,5.11a,"Top rope solo",https://www.mountainproject.com/route/114782636/pieta,1,"Washington > Southeast Corner > Granite Point > Granite Point Roped",3.0,-1,TR,,"Sport, TR",,50,4600
2023-04-22,"I'm Pro Choss and I Bolt",5.8+,,https://www.mountainproject.com/route/109048065/im-pro-choss-and-i-bolt,1,"Washington > Southeast Corner > Wallula Gap > Lower Band",2.7,3,Lead,Onsight,Sport,5.8,,2200
2023-04-22,"The Terroirist",5.7,,https://www.mountainproject.com/route/109048217/the-terroirist,2,"Washington > Southeast Corner > Wallula Gap > Lower Band",1.8,-1,TR,,Sport,,,1800
2023-04-22,"Opening Line",5.9,"Approach shoe tragically slipped during the mantle",https://www.mountainproject.com/route/109029630/opening-line,1,"Washington > Southeast Corner > Wallula Gap > Lower Band",2.7,2,Lead,Fell/Hung,"Sport, TR",5.9,25,2400
2023-04-15,"Life Finds a Way",5.9,,https://www.mountainproject.com/route/107234948/life-finds-a-way,1,"Washington > Northeast Corner & Spokane > Spokane Area > Cliff Drive",1.7,-1,TR,,"Sport, TR",,,2400
2023-04-15,"The Basaltic Lava",5.8,,https://www.mountainproject.com/route/112306911/the-basaltic-lava,1,"Washington > Northeast Corner & Spokane > Spokane Area > Cliff Drive",2.0,-1,TR,,TR,,25,2100
2023-04-13,Seawall,5.10d,"Top rope solo. The lower left hand crimp helps for shifting the left foot up, but I still slipped on one lap",https://www.mountainproject.com/route/123943366/seawall,6,"Washington > Southeast Corner > Granite Point > Granite Point Roped",3.0,3,TR,,TR,5.10d,30,3500
2023-04-13,"The Pillar",5.11+,"Top rope solo. Had to aid through the thin section below bolt 5. Looks like a huge step/mantel on the square edges using the left sidepull?",https://www.mountainproject.com/route/117505758/the-pillar,1,"Washington > Southeast Corner > Granite Point > Granite Point Roped",3.8,-1,TR,,"Sport, TR",,50,5300
2023-04-13,"Nirvana Blues",5.11,"Top rope solo. The dyno feels much easier than the crimpy section leading up to it, unless you can use the edge of the crack for the left hand",https://www.mountainproject.com/route/119562187/nirvana-blues,5,"Washington > Southeast Corner > Granite Point > Granite Point Roped",3.0,-1,TR,,"Sport, TR",,45,5000
2023-04-13,"The Sacred Heart",5.8,"Top rope solo",https://www.mountainproject.com/route/123275386/the-sacred-heart,2,"Washington > Southeast Corner > Granite Point > Granite Point Roped",2.3,-1,TR,,"Sport, TR",,40,2100
2023-04-13,Pieta,5.11a,"Top rope solo",https://www.mountainproject.com/route/114782636/pieta,2,"Washington > Southeast Corner > Granite Point > Granite Point Roped",3.0,-1,TR,,"Sport, TR",,50,4600
2023-04-08,Downclimb,V0,,https://www.mountainproject.com/route/119433627/downclimb,2,"Washington > Southeast Corner > Granite Point > Granite Point Boulders > Salty Spitoon > Blue Tailed Friend Boulder",1.0,-1,Flash,,Boulder,,12,20008
2023-04-08,BreezeBlocks,V0,,https://www.mountainproject.com/route/119432767/breezeblocks,2,"Washington > Southeast Corner > Granite Point > Granite Point Boulders > Salty Spitoon > BreezeBlock",1.0,-1,Flash,,Boulder,,14,20008
2023-04-08,"Joe's Proj",V0,,https://www.mountainproject.com/route/119433271/joes-proj,1,"Washington > Southeast Corner > Granite Point > Granite Point Boulders > Salty Spitoon > Joe's Boulder",1.0,-1,Flash,,Boulder,,16,20008
2023-04-08,"Joe's Veasy",V-easy,,https://www.mountainproject.com/route/119433244/joes-veasy,1,"Washington > Southeast Corner > Granite Point > Granite Point Boulders > Salty Spitoon > Joe's Boulder",1.0,-1,Flash,,Boulder,,9,20000
2023-04-08,"Head Games",V1+,,https://www.mountainproject.com/route/119432874/head-games,1,"Washington > Southeast Corner > Granite Point > Granite Point Boulders > Salty Spitoon > Head Games Boulder",2.0,-1,Attempt,,Boulder,,18,20110
2023-04-08,"Path of Least Resistance",V0-1,,https://www.mountainproject.com/route/119433127/path-of-least-resistance,2,"Washington > Southeast Corner > Granite Point > Granite Point Boulders > Salty Spitoon > Head Games Boulder",1.0,-1,Send,,Boulder,,15,20050
2023-04-08,Seawall,5.10d,"The top is still insecure for me",https://www.mountainproject.com/route/123943366/seawall,1,"Washington > Southeast Corner > Granite Point > Granite Point Roped",3.0,3,TR,,TR,5.10d,30,3500
2023-04-08,Footsy,V2-3,"Lost some skin trying to dyno to the first slopy ledge, should&#39;ve read the description",https://www.mountainproject.com/route/119432821/footsy,1,"Washington > Southeast Corner > Granite Point > Granite Point Boulders > Salty Spitoon > Head Games Boulder",3.0,-1,Attempt,,Boulder,,18,20250
2023-04-08,"Wave Cave",V1,"Alternating comfortable and sharp holds, varied movement",https://www.mountainproject.com/route/119433164/wave-cave,1,"Washington > Southeast Corner > Granite Point > Granite Point Boulders > Salty Spitoon > Head Games Boulder",3.0,3,Send,,Boulder,,12,20100
2023-04-08,"Mr. Grasshopper",V1,"The sides of the lower crack kept crumbling away as I brushed, didn&#39;t really seem worth it",https://www.mountainproject.com/route/119433362/mr-grasshopper,1,"Washington > Southeast Corner > Granite Point > Granite Point Boulders > Salty Spitoon > It's a Boulder if You Want it to Be",2.0,-1,Attempt,,Boulder,,27,20100
2023-04-07,"Ephemeral Arete",5.8,,https://www.mountainproject.com/route/111958070/ephemeral-arete,1,"Washington > Southeast Corner > Granite Point > Granite Point Roped",2.2,2,Lead,Redpoint,"Sport, TR",,45,2100
2023-04-06,"Northwest Passage",5.10c,"Top rope solo",https://www.mountainproject.com/route/106569498/northwest-passage,2,"Idaho > North Idaho > Q'Emiln Park > Lower Fifth Canyon",3.4,-1,TR,,Sport,,,3200
2023-04-06,"No Pryor Experience",5.11c,"Top rope solo. Super fun! Sent the start boulder only 3 times in 10 attempts",https://www.mountainproject.com/route/114969273/no-pryor-experience,2,"Idaho > North Idaho > Q'Emiln Park > Lower Fifth Canyon",3.9,-1,TR,,Sport,,80,5200
2023-04-06,"Crocodile Dundee",5.8,"Top rope solo",https://www.mountainproject.com/route/106414588/crocodile-dundee,2,"Idaho > North Idaho > Q'Emiln Park > Outback Wall",2.4,-1,TR,,"Sport, TR",,50,2100
2023-04-06,"Barrier Reef",5.9,"Top rope solo",https://www.mountainproject.com/route/106414581/barrier-reef,2,"Idaho > North Idaho > Q'Emiln Park > Outback Wall",2.8,-1,TR,,"Sport, TR",,50,2400
2023-04-06,"White Whale",5.10a,"Top rope solo",https://www.mountainproject.com/route/106414575/white-whale,2,"Idaho > North Idaho > Q'Emiln Park > Outback Wall",2.8,-1,TR,,Sport,,50,2600
2023-04-06,Didgerdoo,5.8,"Top rope solo",https://www.mountainproject.com/route/107293373/didgerdoo,4,"Idaho > North Idaho > Q'Emiln Park > Outback Wall",2.3,-1,TR,,Sport,,40,2100
2023-04-06,"Organic  4",5.8,"Top rope solo",https://www.mountainproject.com/route/108251740/organic-4,2,"Idaho > North Idaho > Q'Emiln Park > Garden Wall",2.1,-1,TR,,"Trad, TR",,40,2100
2023-04-06,"Organic  1",5.8,"Top rope solo",https://www.mountainproject.com/route/108251672/organic-1,2,"Idaho > North Idaho > Q'Emiln Park > Garden Wall",2.2,-1,TR,,"Trad, TR",,40,2100
2023-04-06,Tulip,5.8+,"Top rope solo",https://www.mountainproject.com/route/109336260/tulip,2,"Idaho > North Idaho > Q'Emiln Park > Garden Wall",1.4,-1,TR,,"Trad, TR",,30,2200
2023-04-06,"Tossed Salad",5.7,"Top rope solo. All 3 hangers on top are loose",https://www.mountainproject.com/route/106279460/tossed-salad,5,"Idaho > North Idaho > Q'Emiln Park > Garden Wall",2.4,-1,TR,,"Sport, TR",,30,1800
2023-04-06,Sherman,5.9,"Top rope solo",https://www.mountainproject.com/route/106383795/sherman,4,"Idaho > North Idaho > Q'Emiln Park > Garden Wall",2.7,-1,TR,,"Sport, TR",,50,2400
2023-04-04,"The Diamond",5.9,"Top rope solo. Eliminated the ramp by traversing from the Hand Over Hand start to the ledge, about 5.11a",https://www.mountainproject.com/route/123970374/the-diamond,3,"Washington > Southeast Corner > Granite Point > Granite Point Roped",2.0,2,TR,,TR,5.9,45,2400
2023-04-04,"The Diamond",5.9,"Top rope solo",https://www.mountainproject.com/route/123970374/the-diamond,5,"Washington > Southeast Corner > Granite Point > Granite Point Roped",2.0,2,TR,,TR,5.9,45,2400
2023-04-04,Seawall,5.10d,"Top rope solo. New crux beta with a right foot jam is super fun",https://www.mountainproject.com/route/123943366/seawall,3,"Washington > Southeast Corner > Granite Point > Granite Point Roped",3.0,3,TR,,TR,5.10d,30,3500
2023-03-30,Seawall,5.10d,"Top rope solo. The beta I found for the top felt noticeably harder than the old grade of 10b",https://www.mountainproject.com/route/123943366/seawall,2,"Washington > Southeast Corner > Granite Point > Granite Point Roped",3.0,3,TR,,TR,5.10d,30,3500
2023-03-30,Razorblades,5.11d,"Top rope solo",https://www.mountainproject.com/route/106102790/razorblades,4,"Washington > Southeast Corner > Granite Point > Granite Point Roped",2.7,-1,TR,,Sport,,35,5500
2023-03-30,Subterfuge,5.9,"Top rope solo",https://www.mountainproject.com/route/111958006/subterfuge,7,"Washington > Southeast Corner > Granite Point > Granite Point Roped",2.3,3,TR,,"Sport, TR",5.9,30,2400
2023-03-30,"Ephemeral Arete",5.8,"Top rope solo",https://www.mountainproject.com/route/111958070/ephemeral-arete,3,"Washington > Southeast Corner > Granite Point > Granite Point Roped",2.2,2,TR,,"Sport, TR",,45,2100
2023-03-26,Psychosynthesis,5.12b,"Top rope solo. Couldn't figure out the moves after the second and fourth bolts",https://www.mountainproject.com/route/106102797/psychosynthesis,1,"Washington > Southeast Corner > Granite Point > Granite Point Roped",3.0,-1,TR,,Sport,,45,6900
2023-03-26,"Pendulum/Papa Pigscruck",5.10a/b,"Top rope solo",https://www.mountainproject.com/route/113064994/pendulumpapa-pigscruck,1,"Washington > Southeast Corner > Granite Point > Granite Point Roped",2.4,-1,TR,,Sport,,40,2800
2023-03-26,Pendulum,5.10b/c,"Top rope solo",https://www.mountainproject.com/route/105834472/pendulum,5,"Washington > Southeast Corner > Granite Point > Granite Point Roped",2.2,2,TR,,Sport,5.10c,40,3100
2023-03-05,Psychosynthesis,5.12b,"Top rope solo. Aided through most of the route",https://www.mountainproject.com/route/106102797/psychosynthesis,1,"Washington > Southeast Corner > Granite Point > Granite Point Roped",3.0,-1,TR,,Sport,,45,6900
2023-03-05,"Pendulum/Papa Pigscruck",5.10a/b,"Top rope solo. You could skip most of the crux by clipping the first bolt of Hand Over Hand with an alpine draw and joining Pendulum at the second bolt",https://www.mountainproject.com/route/113064994/pendulumpapa-pigscruck,3,"Washington > Southeast Corner > Granite Point > Granite Point Roped",2.4,-1,TR,,Sport,,40,2800
2023-03-05,Pendulum,5.10b/c,"Top rope solo. Rappelled down and left from the bolts above Pieta to reach the anchors",https://www.mountainproject.com/route/105834472/pendulum,4,"Washington > Southeast Corner > Granite Point > Granite Point Roped",2.2,2,TR,,Sport,5.10c,40,3100
2023-03-05,Dreamscape,5.10c,"Top rope solo",https://www.mountainproject.com/route/114782725/dreamscape,3,"Washington > Southeast Corner > Granite Point > Granite Point Roped",2.7,-1,TR,,"Sport, TR",,40,3200
2023-03-03,"The Pillar",5.11+,"Top rope solo",https://www.mountainproject.com/route/117505758/the-pillar,1,"Washington > Southeast Corner > Granite Point > Granite Point Roped",3.8,-1,TR,,"Sport, TR",,50,5300
2023-03-03,Razorblades,5.11d,"Top rope solo. Figured out the crux lunge with the high right crimp",https://www.mountainproject.com/route/106102790/razorblades,3,"Washington > Southeast Corner > Granite Point > Granite Point Roped",2.7,-1,TR,,Sport,,35,5500
2023-03-03,"Nirvana Blues",5.11,"Top rope solo. I think the intended line goes right after you clip the fourth bolt, using the post-crux ledge on Rotten Crack for the left hand",https://www.mountainproject.com/route/119562187/nirvana-blues,3,"Washington > Southeast Corner > Granite Point > Granite Point Roped",3.0,-1,TR,,"Sport, TR",,45,5000
2023-03-03,Subterfuge,5.9,"Top rope solo",https://www.mountainproject.com/route/111958006/subterfuge,3,"Washington > Southeast Corner > Granite Point > Granite Point Roped",2.3,3,TR,,"Sport, TR",5.9,30,2400
2023-03-03,Pieta,5.11a,"Top rope solo. The swing is safe, so it&#39;s better to not use a redirect so the rope doesn&#39;t rub the top bulge if you fall at the start",https://www.mountainproject.com/route/114782636/pieta,3,"Washington > Southeast Corner > Granite Point > Granite Point Roped",3.0,-1,TR,,"Sport, TR",,50,4600
2023-02-16,"Hand Over Hand",5.11a,"Top rope solo. Used redirects from bolts 3 and 4 to keep from swinging out, since I fell at the crux every attempt",https://www.mountainproject.com/route/105834468/hand-over-hand,3,"Washington > Southeast Corner > Granite Point > Granite Point Roped",3.0,-1,TR,,Sport,,45,4600
2023-02-16,Razorblades,5.11d,"Top rope solo. Hung at third bolt every time",https://www.mountainproject.com/route/106102790/razorblades,3,"Washington > Southeast Corner > Granite Point > Granite Point Roped",2.7,-1,TR,,Sport,,35,5500
2023-02-16,"Insecurity Issues 2: The Electric Boogaloo",5.8-,,https://www.mountainproject.com/route/118586289/insecurity-issues-2-the-electric-boogaloo,1,"Washington > Southeast Corner > Granite Point > Granite Point Roped",1.8,2,Solo,,"Sport, TR",,20,2000
2023-02-16,Subterfuge,5.9,"Top rope solo",https://www.mountainproject.com/route/111958006/subterfuge,2,"Washington > Southeast Corner > Granite Point > Granite Point Roped",2.3,3,TR,,"Sport, TR",5.9,30,2400
2023-02-16,Dreamscape,5.10c,"Top rope solo. Found a different beta for the top crux every lap",https://www.mountainproject.com/route/114782725/dreamscape,5,"Washington > Southeast Corner > Granite Point > Granite Point Roped",2.7,-1,TR,,"Sport, TR",,40,3200
2023-02-11,Keyhole,5.8,,https://www.mountainproject.com/route/119719004/keyhole,1,"Oregon > Willamette Valley > Skinner Butte (aka The Columns)",-1.0,-1,TR,,"Trad, TR",,50,2100
2023-02-11,"Dastardly Crack",5.10a,,https://www.mountainproject.com/route/118664435/dastardly-crack,1,"Oregon > Willamette Valley > Skinner Butte (aka The Columns)",2.3,-1,TR,,"Trad, TR",,40,2600
2023-02-11,"One Note Samba",5.10b/c,,https://www.mountainproject.com/route/118664401/one-note-samba,1,"Oregon > Willamette Valley > Skinner Butte (aka The Columns)",2.5,-1,TR,,TR,,35,3100
2023-02-07,"Crackademic West","V-easy R",,https://www.mountainproject.com/route/117966118/crackademic-west,1,"Washington > Northwest Region > Bellingham and Mt Baker Hwy > Bellingham Area > Western Washington University Buildering",3.5,-1,Send,,Boulder,,15,20000
2023-02-04,Trebuchet,V1,,https://www.mountainproject.com/route/123091115/trebuchet,2,"Washington > Northwest Region > Bellingham and Mt Baker Hwy > Bellingham Area > The Fortress",4.0,-1,Flash,,Boulder,,10,20100
2023-02-04,"The Stairway",5.2,,https://www.mountainproject.com/route/107764200/the-stairway,1,"Washington > Northwest Region > Bellingham and Mt Baker Hwy > Bellingham Area > Sehome Arboretum",4.0,-1,Solo,,TR,,30,1200
2023-02-04,"Bolt Ladder  2",5.10a,,https://www.mountainproject.com/route/107666583/bolt-ladder-2,1,"Washington > Northwest Region > Bellingham and Mt Baker Hwy > Bellingham Area > Sehome Arboretum",2.5,-1,TR,,TR,,35,2600
2023-02-04,"Bolt Ladder 2 Variation",5.9,,https://www.mountainproject.com/route/107666593/bolt-ladder-2-variation,1,"Washington > Northwest Region > Bellingham and Mt Baker Hwy > Bellingham Area > Sehome Arboretum",2.7,-1,Lead,Onsight,"Sport, TR",,35,2400
2023-02-04,"Sehome Chimney",5.4,,https://www.mountainproject.com/route/107666569/sehome-chimney,3,"Washington > Northwest Region > Bellingham and Mt Baker Hwy > Bellingham Area > Sehome Arboretum",1.9,-1,TR,,"Trad, TR",,20,1400
2023-02-04,"The Classic",5.8,,https://www.mountainproject.com/route/116841426/the-classic,1,"Washington > Northwest Region > Bellingham and Mt Baker Hwy > Bellingham Area > Sehome Arboretum",2.0,-1,Lead,Onsight,"Sport, TR",,20,2100
2023-02-02,"Insecurity Issues",5.10d,"Slipped at crux",https://www.mountainproject.com/route/112860750/insecurity-issues,1,"Washington > Southeast Corner > Granite Point > Granite Point Roped",2.3,2,TR,,"Sport, TR",,25,3500
2023-02-02,"Insecurity Issues 2: The Electric Boogaloo",5.8-,,https://www.mountainproject.com/route/118586289/insecurity-issues-2-the-electric-boogaloo,1,"Washington > Southeast Corner > Granite Point > Granite Point Roped",1.8,2,Lead,Redpoint,"Sport, TR",,20,2000
2023-02-02,"The Sacred Heart",5.8,,https://www.mountainproject.com/route/123275386/the-sacred-heart,1,"Washington > Southeast Corner > Granite Point > Granite Point Roped",2.3,-1,TR,,"Sport, TR",,40,2100
2023-02-02,"Rotten Crack",5.10,,https://www.mountainproject.com/route/107113069/rotten-crack,2,"Washington > Southeast Corner > Granite Point > Granite Point Roped",2.7,2,TR,,Sport,5.10b,40,3000
2023-02-02,"Layback Crack",5.6,,https://www.mountainproject.com/route/106145026/layback-crack,1,"Washington > Southeast Corner > Granite Point > Granite Point Roped",2.3,-1,TR,,"Trad, TR",,30,1600
2023-02-02,"Ephemeral Arete",5.8,,https://www.mountainproject.com/route/111958070/ephemeral-arete,1,"Washington > Southeast Corner > Granite Point > Granite Point Roped",2.2,2,TR,,"Sport, TR",,45,2100
2023-02-02,"Face Up",5.8,,https://www.mountainproject.com/route/111957980/face-up,1,"Washington > Southeast Corner > Granite Point > Granite Point Roped",1.3,-1,TR,,"Sport, TR",,20,2100
2023-02-02,"Steep Face",5.7,,https://www.mountainproject.com/route/106145032/steep-face,1,"Washington > Southeast Corner > Granite Point > Granite Point Roped",1.8,-1,TR,,"Sport, TR",,30,1800
2023-02-02,"5.5 Crack",5.5,,https://www.mountainproject.com/route/108318876/55-crack,1,"Washington > Southeast Corner > Granite Point > Granite Point Roped",1.1,1,TR,,"Trad, TR",,35,1500
2022-12-29,"Trimmed Bush",5.10a/b,"Top rope solo",https://www.mountainproject.com/route/106060680/trimmed-bush,1,"Idaho > West Idaho > Black Cliffs > Short Cliffs",2.8,-1,TR,,Trad,,40,2800
2022-12-29,"Bologna Pony",5.10d,"Top rope solo",https://www.mountainproject.com/route/106060673/bologna-pony,3,"Idaho > West Idaho > Black Cliffs > Short Cliffs",3.5,4,TR,,Sport,,40,3500
2022-12-28,"Frosted Flake",5.10c,"Top rope solo",https://www.mountainproject.com/route/115384887/frosted-flake,3,"Idaho > West Idaho > Black Cliffs > Short Cliffs",2.3,-1,TR,,Trad,,40,3200
2022-12-28,"Trimmed Bush",5.10a/b,"Top rope solo",https://www.mountainproject.com/route/106060680/trimmed-bush,1,"Idaho > West Idaho > Black Cliffs > Short Cliffs",2.8,-1,TR,,Trad,,40,2800
2022-12-28,"Bologna Pony",5.10d,"Top rope solo. Used a #3 cam as a redirect at the left end of the ledge",https://www.mountainproject.com/route/106060673/bologna-pony,2,"Idaho > West Idaho > Black Cliffs > Short Cliffs",3.5,4,TR,,Sport,,40,3500
2022-12-24,"Erectile Dysfunction",V6,"All moves linked, but the top was too icy for me to mantle",https://www.mountainproject.com/route/114591007/erectile-dysfunction,1,"Idaho > West Idaho > Tram Trail Boulders",3.6,4,Attempt,,Boulder,,7,20600
2022-12-24,"Unknown Problem",V2-3,,https://www.mountainproject.com/route/118745845/unknown-problem,1,"Idaho > West Idaho > Tram Trail Boulders",3.0,-1,Send,,Boulder,,,20250
2022-12-24,"Green Mossy Skull",V1-2,,https://www.mountainproject.com/route/116597041/green-mossy-skull,1,"Idaho > West Idaho > Tram Trail Boulders",2.0,-1,Send,,Boulder,,13,20150
2022-12-24,"Boulder 3",V1,,https://www.mountainproject.com/route/119092127/boulder-3,1,"Idaho > West Idaho > Tram Trail Boulders",2.0,-1,Send,,Boulder,,12,20100
2022-12-24,"Warm-up Problem",V0,,https://www.mountainproject.com/route/110084214/warm-up-problem,1,"Idaho > West Idaho > Tram Trail Boulders",2.0,-1,Send,,Boulder,,12,20008
2022-12-16,"Green Mossy Skull",V1-2,"Used a cool feet first beta for the start that goes at ~V4",https://www.mountainproject.com/route/116597041/green-mossy-skull,1,"Idaho > West Idaho > Tram Trail Boulders",2.0,-1,Send,,Boulder,,13,20150
2022-12-16,"Boulder 3",V3,"Finished starting at the left pocket",https://www.mountainproject.com/route/119776237/boulder-3,1,"Idaho > West Idaho > Tram Trail Boulders",2.4,-1,Attempt,,Boulder,,12,20300
2022-12-16,"Warm-up Problem",V0,,https://www.mountainproject.com/route/110084214/warm-up-problem,2,"Idaho > West Idaho > Tram Trail Boulders",2.0,-1,Send,,Boulder,,12,20008
2022-12-11,"Ephemeral Arete",5.8,"Top rope solo",https://www.mountainproject.com/route/111958070/ephemeral-arete,5,"Washington > Southeast Corner > Granite Point > Granite Point Roped",2.2,2,TR,,"Sport, TR",,45,2100
2022-12-11,"The Sacred Heart",5.8,"Top rope solo. Start is really insecure in the rain",https://www.mountainproject.com/route/123275386/the-sacred-heart,3,"Washington > Southeast Corner > Granite Point > Granite Point Roped",2.3,-1,TR,,"Sport, TR",,40,2100
2022-12-11,"Rotten Crack",5.10,"Top rope solo. New crux beta with a far right crimp under the third bolt",https://www.mountainproject.com/route/107113069/rotten-crack,3,"Washington > Southeast Corner > Granite Point > Granite Point Roped",2.7,2,TR,,Sport,5.10b,40,3000
2022-11-20,"Erectile Dysfunction",V6,"All moves done, except I noticed later the right hand starts all the way down",https://www.mountainproject.com/route/114591007/erectile-dysfunction,1,"Idaho > West Idaho > Tram Trail Boulders",3.6,4,Attempt,,Boulder,,7,20600
2022-11-20,"Peanut Butter Prophecy",V3,,https://www.mountainproject.com/route/116072869/peanut-butter-prophecy,1,"Idaho > West Idaho > Table Rock > Propeller Area",3.7,3,Send,,Boulder,,12,20300
2022-11-20,"Peanut Butter Pockets",V2,,https://www.mountainproject.com/route/107401650/peanut-butter-pockets,2,"Idaho > West Idaho > Table Rock > Propeller Area",2.4,-1,Send,,Boulder,,12,20200
2022-11-20,"Fully Functional",V1,,https://www.mountainproject.com/route/116491286/fully-functional,1,"Idaho > West Idaho > Tram Trail Boulders",2.4,-1,Send,,Boulder,,15,20100
2022-11-20,"Sit Down and smoke me",V3+,"The first move from the sit start is significantly harder than the rest of the problem",https://www.mountainproject.com/route/112086911/sit-down-and-smoke-me,2,"Idaho > West Idaho > Table Rock > The Boulders",2.0,-1,Send,,Boulder,,8,20310
2022-11-20,"Smoke me Traverse",V0+,,https://www.mountainproject.com/route/112086919/smoke-me-traverse,2,"Idaho > West Idaho > Table Rock > The Boulders",2.5,-1,Flash,,Boulder,,,20010
2022-11-12,"Insecurity Issues 2: The Electric Boogaloo",5.8-,,https://www.mountainproject.com/route/118586289/insecurity-issues-2-the-electric-boogaloo,1,"Washington > Southeast Corner > Granite Point > Granite Point Roped",1.8,2,TR,,"Sport, TR",,20,2000
2022-11-12,"Insecurity Issues 2: The Electric Boogaloo",5.8-,,https://www.mountainproject.com/route/118586289/insecurity-issues-2-the-electric-boogaloo,1,"Washington > Southeast Corner > Granite Point > Granite Point Roped",1.8,2,Lead,Redpoint,"Sport, TR",,20,2000
2022-11-12,"Insecurity Issues Crack",5.8,,https://www.mountainproject.com/route/120535149/insecurity-issues-crack,1,"Washington > Southeast Corner > Granite Point > Granite Point Roped",2.0,-1,TR,,"Trad, TR",,20,2100
2022-11-12,"Insecurity Issues",5.10d,"Slipped off the last foot on the first attempt",https://www.mountainproject.com/route/112860750/insecurity-issues,2,"Washington > Southeast Corner > Granite Point > Granite Point Roped",2.3,2,TR,,"Sport, TR",,25,3500
2022-11-12,"The Sacred Heart",5.8,,https://www.mountainproject.com/route/123275386/the-sacred-heart,2,"Washington > Southeast Corner > Granite Point > Granite Point Roped",2.3,-1,TR,,"Sport, TR",,40,2100
2022-11-12,"The Sacred Heart",5.8,,https://www.mountainproject.com/route/123275386/the-sacred-heart,1,"Washington > Southeast Corner > Granite Point > Granite Point Roped",2.3,-1,Lead,Onsight,"Sport, TR",,40,2100
2022-11-12,"Rotten Crack",5.10,"Hung after the traverse on the first attempt",https://www.mountainproject.com/route/107113069/rotten-crack,2,"Washington > Southeast Corner > Granite Point > Granite Point Roped",2.7,2,TR,,Sport,5.10b,40,3000
2022-11-12,"Ephemeral Arete",5.8,,https://www.mountainproject.com/route/111958070/ephemeral-arete,3,"Washington > Southeast Corner > Granite Point > Granite Point Roped",2.2,2,TR,,"Sport, TR",,45,2100
2022-11-12,Subterfuge,5.9,,https://www.mountainproject.com/route/111958006/subterfuge,1,"Washington > Southeast Corner > Granite Point > Granite Point Roped",2.3,3,TR,,"Sport, TR",5.9,30,2400
2022-11-12,"Layback Crack",5.6,,https://www.mountainproject.com/route/106145026/layback-crack,2,"Washington > Southeast Corner > Granite Point > Granite Point Roped",2.3,-1,TR,,"Trad, TR",,30,1600
2022-11-12,"Face Up",5.8,,https://www.mountainproject.com/route/111957980/face-up,1,"Washington > Southeast Corner > Granite Point > Granite Point Roped",1.3,-1,TR,,"Sport, TR",,20,2100
2022-11-12,"Steep Face",5.7,,https://www.mountainproject.com/route/106145032/steep-face,2,"Washington > Southeast Corner > Granite Point > Granite Point Roped",1.8,-1,TR,,"Sport, TR",,30,1800
2022-11-12,"5.5 Crack",5.5,,https://www.mountainproject.com/route/108318876/55-crack,1,"Washington > Southeast Corner > Granite Point > Granite Point Roped",1.1,1,TR,,"Trad, TR",,35,1500
2022-10-20,"Kibbie Doom",V2,,https://www.mountainproject.com/route/121012345/kibbie-doom,2,"Idaho > North Idaho > Moscow Mountain > Nemesis Cliff (AKA Granite Point)",3.0,3,Send,,Boulder,,,20200
2022-10-20,"Cool Arete Thing",5.10+,"Top rope solo",https://www.mountainproject.com/route/117597281/cool-arete-thing,1,"Idaho > North Idaho > Moscow Mountain > Nemesis Cliff (AKA Granite Point)",2.0,-1,TR,,TR,,25,3300
2022-10-16,"Escape From the Planet of the Ants",V1,,https://www.mountainproject.com/route/121012371/escape-from-the-planet-of-the-ants,2,"Idaho > North Idaho > Moscow Mountain > Nemesis Cliff (AKA Granite Point)",2.0,-1,Flash,,Boulder,,,20100
2022-10-16,"Kibbie Doom",V2,,https://www.mountainproject.com/route/121012345/kibbie-doom,2,"Idaho > North Idaho > Moscow Mountain > Nemesis Cliff (AKA Granite Point)",3.0,3,Send,,Boulder,,,20200
2022-10-16,"Warm-Up Problem",V-easy,,https://www.mountainproject.com/route/121012524/warm-up-problem,1,"Idaho > North Idaho > Moscow Mountain > Upper Rocks",1.0,-1,Send,,Boulder,,,20000
2022-10-16,Crackden,"V1 PG13",,https://www.mountainproject.com/route/122856613/crackden,1,"Idaho > North Idaho > Moscow Mountain > Upper Rocks",2.5,-1,Send,,Boulder,,10,20100
2022-10-16,"Furious Camel",V2,,https://www.mountainproject.com/route/121012557/furious-camel,1,"Idaho > North Idaho > Moscow Mountain > Upper Rocks",3.3,3,Send,,Boulder,,,20200
2022-10-16,"Possum's Razor",V0,,https://www.mountainproject.com/route/121012577/possums-razor,1,"Idaho > North Idaho > Moscow Mountain > Upper Rocks",2.0,-1,Send,,Boulder,,,20008
2022-10-16,"Occam's Possum",V0,,https://www.mountainproject.com/route/121012568/occams-possum,1,"Idaho > North Idaho > Moscow Mountain > Upper Rocks",1.5,-1,Send,,Boulder,,,20008
2022-10-15,ShitBalls,5.8,,https://www.mountainproject.com/route/118048498/shitballs,1,"Idaho > North Idaho > Kittle Rocks",3.3,-1,TR,,"Trad, TR",,60,2100
2022-10-15,"The Chimaney",5.6,,https://www.mountainproject.com/route/118048516/the-chimaney,1,"Idaho > North Idaho > Kittle Rocks",2.0,-1,TR,,"Trad, TR",,50,1600
2022-10-15,"Kitty Crack",5.8+,,https://www.mountainproject.com/route/118048424/kitty-crack,2,"Idaho > North Idaho > Kittle Rocks",3.8,4,TR,,"Trad, TR",5.8+,50,2200
2022-10-15,Hookerbot3000,5.10c,,https://www.mountainproject.com/route/118048535/hookerbot3000,1,"Idaho > North Idaho > Kittle Rocks",3.7,-1,TR,,"Trad, TR",,55,3200
2022-10-02,Metanoia,5.9,"Top rope solo. You can rappel to the anchor, but toproping would cause the rope to rub on several edges",https://www.mountainproject.com/route/121002424/metanoia,2,"Idaho > North Idaho > Q'Emiln Park > Outlaw Wall",3.0,-1,TR,,"Sport, TR",,90,2400
2022-10-02,"Dharma Bums",5.7,"Top rope solo",https://www.mountainproject.com/route/120652928/dharma-bums,1,"Idaho > North Idaho > Q'Emiln Park > Outlaw Wall",2.9,-1,TR,,"Trad, TR",,100,1800
2022-10-02,Wallflower,5.9-,"Top rope solo",https://www.mountainproject.com/route/117969089/wallflower,2,"Idaho > North Idaho > Q'Emiln Park > Outlaw Wall",2.8,-1,TR,,Sport,,90,2300
2022-10-02,"Just A Tease",5.9,"Top rope solo",https://www.mountainproject.com/route/117990484/just-a-tease,2,"Idaho > North Idaho > Q'Emiln Park > Outlaw Wall",3.6,-1,TR,,Sport,,90,2400
2022-10-02,"Just A Tease",5.9,"Lead rope solo. Rope fixed to the first bolt, backed up to the tree 10&#39; from the base",https://www.mountainproject.com/route/117990484/just-a-tease,1,"Idaho > North Idaho > Q'Emiln Park > Outlaw Wall",3.6,-1,Lead,Fell/Hung,Sport,,90,2400
2022-10-02,"Dalai Lama",5.10a,"Top rope solo. Used bolt 5 below the ledge as a redirect",https://www.mountainproject.com/route/120704413/dalai-lama,2,"Idaho > North Idaho > Q'Emiln Park > Outlaw Wall",2.4,-1,TR,,Sport,,100,2600
2022-09-25,Subterfuge,5.9,,https://www.mountainproject.com/route/111958006/subterfuge,1,"Washington > Southeast Corner > Granite Point > Granite Point Roped",2.3,3,TR,,"Sport, TR",5.9,30,2400
2022-09-25,"Insecurity Issues",5.10d,"Felt easier than Subterfuge",https://www.mountainproject.com/route/112860750/insecurity-issues,2,"Washington > Southeast Corner > Granite Point > Granite Point Roped",2.3,2,TR,,"Sport, TR",,25,3500
2022-09-25,"Insecurity Issues Crack",5.8,,https://www.mountainproject.com/route/120535149/insecurity-issues-crack,2,"Washington > Southeast Corner > Granite Point > Granite Point Roped",2.0,-1,TR,,"Trad, TR",,20,2100
2022-09-25,"Insecurity Issues 2: The Electric Boogaloo",5.8-,,https://www.mountainproject.com/route/118586289/insecurity-issues-2-the-electric-boogaloo,2,"Washington > Southeast Corner > Granite Point > Granite Point Roped",1.8,2,TR,,"Sport, TR",,20,2000
2022-09-25,"Ephemeral Arete",5.8,,https://www.mountainproject.com/route/111958070/ephemeral-arete,1,"Washington > Southeast Corner > Granite Point > Granite Point Roped",2.2,2,TR,,"Sport, TR",,45,2100
2022-09-25,"Ephemeral Arete",5.8,,https://www.mountainproject.com/route/111958070/ephemeral-arete,1,"Washington > Southeast Corner > Granite Point > Granite Point Roped",2.2,2,Lead,Redpoint,"Sport, TR",,45,2100
2022-09-24,"Unknown Crack",5.6,"Top rope solo",https://www.mountainproject.com/route/112313403/unknown-crack,3,"Idaho > North Idaho > Moscow Mountain > Nemesis Cliff (AKA Granite Point)",2.5,-1,TR,,"Trad, TR",,35,1600
2022-09-24,"5.4 crack",5.4,"Top rope solo. Gear anchor over the edge, backed up to the boulder on top",https://www.mountainproject.com/route/112313374/54-crack,2,"Idaho > North Idaho > Moscow Mountain > Nemesis Cliff (AKA Granite Point)",2.0,-1,TR,,Trad,,35,1400
2022-09-24,"Kibbie Doom",V2,,https://www.mountainproject.com/route/121012345/kibbie-doom,1,"Idaho > North Idaho > Moscow Mountain > Nemesis Cliff (AKA Granite Point)",3.0,3,Send,,Boulder,,,20200
2022-09-18,"Left Arete",5.9+,"Top rope solo. Used second and fourth bolts as directionals to avoid swinging around the corner when falling/rappelling",https://www.mountainproject.com/route/107802242/left-arete,6,"Washington > Central Region > Banks Lake / Northrup Canyon > Golf Course Crags > Golf Course Wall",2.6,-1,TR,,"Sport, TR",,70,2500
2022-09-16,Exclusion,5.9,"Top rope solo. There are a couple fun chimney moves if you go off route",https://www.mountainproject.com/route/113485943/exclusion,3,"Idaho > North Idaho > Moscow Mountain > Nemesis Cliff (AKA Granite Point)",1.0,-1,TR,,"Trad, TR",,30,2400
2022-09-10,Subterfuge,5.9,"Hung at the crux on the first attempt",https://www.mountainproject.com/route/111958006/subterfuge,2,"Washington > Southeast Corner > Granite Point > Granite Point Roped",2.3,3,TR,,"Sport, TR",5.9,30,2400
2022-09-10,"Layback Crack",5.6,,https://www.mountainproject.com/route/106145026/layback-crack,2,"Washington > Southeast Corner > Granite Point > Granite Point Roped",2.3,-1,TR,,"Trad, TR",,30,1600
2022-09-10,"Steep Face",5.7,,https://www.mountainproject.com/route/106145032/steep-face,2,"Washington > Southeast Corner > Granite Point > Granite Point Roped",1.8,-1,Lead,Pinkpoint,"Sport, TR",,30,1800
2022-09-10,"5.5 Crack",5.5,,https://www.mountainproject.com/route/108318876/55-crack,1,"Washington > Southeast Corner > Granite Point > Granite Point Roped",1.1,1,TR,,"Trad, TR",,35,1500
2022-09-04,"Ephemeral Arete",5.8,,https://www.mountainproject.com/route/111958070/ephemeral-arete,3,"Washington > Southeast Corner > Granite Point > Granite Point Roped",2.2,2,TR,,"Sport, TR",,45,2100
2022-09-04,"Face Up",5.8,,https://www.mountainproject.com/route/111957980/face-up,1,"Washington > Southeast Corner > Granite Point > Granite Point Roped",1.3,-1,TR,,"Sport, TR",,20,2100
2022-09-04,"Steep Face",5.7,,https://www.mountainproject.com/route/106145032/steep-face,2,"Washington > Southeast Corner > Granite Point > Granite Point Roped",1.8,-1,TR,,"Sport, TR",,30,1800
2022-09-04,"5.5 Crack",5.5,,https://www.mountainproject.com/route/108318876/55-crack,1,"Washington > Southeast Corner > Granite Point > Granite Point Roped",1.1,1,TR,,"Trad, TR",,35,1500
2022-09-03,Wallulove,5.10b,"Top rope solo",https://www.mountainproject.com/route/109029613/wallulove,1,"Washington > Southeast Corner > Wallula Gap > Lower Band",2.7,-1,TR,,Sport,,,2900
2022-09-03,"Rump Roast",5.8,"Top rope solo. Quite a few different climbable lines between the normal anchor on the face and the one in the left dihedral",https://www.mountainproject.com/route/109041421/rump-roast,5,"Washington > Southeast Corner > Wallula Gap > Lower Band",2.6,-1,TR,,Sport,,,2100
2022-09-03,Sage,5.10a,"Top rope solo. 2 bolts on top for TR access",https://www.mountainproject.com/route/109024245/sage,7,"Washington > Southeast Corner > Wallula Gap > Lower Band",2.1,-1,TR,,Sport,,,2600
2022-08-28,"Furious Camel",V2,"Alone with one pad, didn&#39;t want to commit to the top",https://www.mountainproject.com/route/121012557/furious-camel,1,"Idaho > North Idaho > Moscow Mountain > Upper Rocks",3.3,3,Attempt,,Boulder,,,20200
2022-08-28,"Warm-Up Problem",V-easy,,https://www.mountainproject.com/route/121012524/warm-up-problem,3,"Idaho > North Idaho > Moscow Mountain > Upper Rocks",1.0,-1,Send,,Boulder,,,20000
2022-08-28,Crackden,"V1 PG13",,https://www.mountainproject.com/route/122856613/crackden,3,"Idaho > North Idaho > Moscow Mountain > Upper Rocks",2.5,-1,Flash,,Boulder,,10,20100
2022-08-28,"Possum's Razor",V0,,https://www.mountainproject.com/route/121012577/possums-razor,2,"Idaho > North Idaho > Moscow Mountain > Upper Rocks",2.0,-1,Send,,Boulder,,,20008
2022-08-28,"Occam's Possum",V0,,https://www.mountainproject.com/route/121012568/occams-possum,2,"Idaho > North Idaho > Moscow Mountain > Upper Rocks",1.5,-1,Send,,Boulder,,,20008
2022-08-13,"Trimmed Bush",5.10a/b,"Top rope solo",https://www.mountainproject.com/route/106060680/trimmed-bush,1,"Idaho > West Idaho > Black Cliffs > Short Cliffs",2.8,-1,TR,,Trad,,40,2800
2022-08-13,"Bologna Pony",5.10d,"Top rope solo",https://www.mountainproject.com/route/106060673/bologna-pony,2,"Idaho > West Idaho > Black Cliffs > Short Cliffs",3.5,4,TR,,Sport,,40,3500
2022-08-07,"Bologna Pony",5.10d,,https://www.mountainproject.com/route/106060673/bologna-pony,3,"Idaho > West Idaho > Black Cliffs > Short Cliffs",3.5,4,TR,,Sport,,40,3500
2022-08-07,"Holiday Nuts",5.9,"Has a bolt on top for easy TR access",https://www.mountainproject.com/route/116228776/holiday-nuts,2,"Idaho > West Idaho > Black Cliffs > Short Cliffs",2.0,-1,TR,,"Trad, TR",,35,2400
2022-07-31,"Unknown Problem",V2-3,,https://www.mountainproject.com/route/118745845/unknown-problem,1,"Idaho > West Idaho > Tram Trail Boulders",3.0,-1,Send,,Boulder,,,20250
2022-07-31,"Boulder 2",V2+,,https://www.mountainproject.com/route/119092099/boulder-2,1,"Idaho > West Idaho > Tram Trail Boulders",2.0,-1,Send,,Boulder,,12,20210
2022-07-31,"Warm-up Problem",V0,,https://www.mountainproject.com/route/110084214/warm-up-problem,4,"Idaho > West Idaho > Tram Trail Boulders",2.0,-1,Send,,Boulder,,12,20008
2022-07-30,"Bologna Pony",5.10d,"Top rope solo",https://www.mountainproject.com/route/106060673/bologna-pony,3,"Idaho > West Idaho > Black Cliffs > Short Cliffs",3.5,4,TR,,Sport,,40,3500
2022-07-30,"Trimmed Bush",5.10a/b,"Top rope solo",https://www.mountainproject.com/route/106060680/trimmed-bush,2,"Idaho > West Idaho > Black Cliffs > Short Cliffs",2.8,-1,TR,,Trad,,40,2800
2022-07-30,"Frosted Flake",5.10c,"Top rope solo",https://www.mountainproject.com/route/115384887/frosted-flake,2,"Idaho > West Idaho > Black Cliffs > Short Cliffs",2.3,-1,TR,,Trad,,40,3200
2022-07-24,"Man Eater","5.9 R","Top rope solo",https://www.mountainproject.com/route/122595719/man-eater,2,"Idaho > West Idaho > Black Cliffs > Mid Cliffs",1.0,1,TR,,Trad,5.9,50,2400
2022-07-24,"Steep Disorder",5.10c,"Top rope solo",https://www.mountainproject.com/route/109891545/steep-disorder,6,"Idaho > West Idaho > Black Cliffs > Mid Cliffs",2.8,3,TR,,"Trad, TR",,,3200
2022-07-23,"In Cahoots",5.10c,"Top rope solo. The easiest top rope access is on the talus slope to the east, just after the small canyon",https://www.mountainproject.com/route/111439150/in-cahoots,5,"Idaho > West Idaho > Black Cliffs > Tall Cliffs",-1.0,-1,TR,,TR,,,3200
2022-07-16,"Loaded Gun",5.7,"2 laps barefoot. Rappelled from bolts near the trail, then used the anchors between Tidy Up and Squirt Gun. Decent climbing to the right as well if you want to avoid the birds in the offwidth",https://www.mountainproject.com/route/109305187/loaded-gun,3,"Idaho > West Idaho > Black Cliffs > Mid Cliffs",2.1,2,TR,,Trad,,45,1800
2022-07-16,"Squirt Gun",5.8,"1 lap barefoot. Staying on the column right of the anchors is a decent 5.10",https://www.mountainproject.com/route/113646387/squirt-gun,3,"Idaho > West Idaho > Black Cliffs > Mid Cliffs",2.1,-1,TR,,Trad,,50,2100
2022-07-10,409,5.8,"Top rope solo",https://www.mountainproject.com/route/106290377/409,1,"Idaho > West Idaho > Black Cliffs > Mid Cliffs",2.2,-1,TR,,"Trad, TR",,45,2100
2022-07-10,409,5.8,"Lieback the crux at the top or it feels harder than 5.8",https://www.mountainproject.com/route/106290377/409,2,"Idaho > West Idaho > Black Cliffs > Mid Cliffs",2.2,-1,TR,,"Trad, TR",,45,2100
2022-07-10,Ajax,5.9,"Top rope solo",https://www.mountainproject.com/route/106290367/ajax,1,"Idaho > West Idaho > Black Cliffs > Mid Cliffs",2.5,-1,TR,,Sport,,45,2400
2022-07-10,Ajax,5.9,,https://www.mountainproject.com/route/106290367/ajax,3,"Idaho > West Idaho > Black Cliffs > Mid Cliffs",2.5,-1,TR,,Sport,,45,2400
2022-07-09,"Steep Disorder",5.10c,"Top rope solo. Nice overhanging anchor with 3-4 different climbable lines",https://www.mountainproject.com/route/109891545/steep-disorder,5,"Idaho > West Idaho > Black Cliffs > Mid Cliffs",2.8,3,TR,,"Trad, TR",,,3200
2022-07-04,Detox,5.11a,"Top rope solo to Tijuana T chains",https://www.mountainproject.com/route/119809758/detox,1,"Idaho > West Idaho > Black Cliffs > Short Cliffs",2.0,-1,TR,,Trad,,50,4600
2022-07-04,"Tijuana T",5.10b,"Top rope solo",https://www.mountainproject.com/route/114506168/tijuana-t,3,"Idaho > West Idaho > Black Cliffs > Short Cliffs",2.5,-1,TR,,"Trad, TR",,50,2900
2022-07-04,"Sweet and Sour",5.8,,https://www.mountainproject.com/route/111878430/sweet-and-sour,1,"Idaho > West Idaho > Black Cliffs > Populace Wall",1.7,-1,TR,,Trad,,50,2100
2022-07-04,"Sweet Adene",5.8,,https://www.mountainproject.com/route/107641513/sweet-adene,1,"Idaho > West Idaho > Black Cliffs > Populace Wall",3.1,3,Lead,Onsight,Sport,,55,2100
2022-07-04,"BSU Fantasy",5.9,,https://www.mountainproject.com/route/108177975/bsu-fantasy,1,"Idaho > West Idaho > Black Cliffs > Populace Wall",2.4,2,Lead,Flash,Sport,,,2400
2022-07-04,"White Wash",5.9,,https://www.mountainproject.com/route/107641505/white-wash,1,"Idaho > West Idaho > Black Cliffs > Populace Wall",2.4,-1,Lead,Onsight,Sport,,55,2400
2022-07-04,"Perception vs. Reality",5.10a,,https://www.mountainproject.com/route/107641519/perception-vs-reality,1,"Idaho > West Idaho > Black Cliffs > Populace Wall",2.7,-1,Lead,Onsight,Sport,,55,2600
2022-07-04,Minuteman,5.8,"Top rope solo",https://www.mountainproject.com/route/109542590/minuteman,2,"Idaho > West Idaho > Black Cliffs > Short Cliffs",2.9,-1,TR,,Trad,,60,2100
2022-07-01,"Frat Jerks",5.8,"Top rope solo",https://www.mountainproject.com/route/122504486/frat-jerks,2,"Oregon > Central Oregon > Smith Rock > (yy) Basalt Rimrock > Student Wall > Reproductive Wall",2.5,-1,TR,,"Trad, TR",,40,2100
2022-07-01,"A Young Person Named Sam","5.9 R","Top rope solo. Much easier after the first crux ",https://www.mountainproject.com/route/113098331/a-young-person-named-sam,3,"Oregon > Central Oregon > Smith Rock > (yy) Basalt Rimrock > Student Wall > The Textbooks",2.7,-1,TR,,"Trad, TR",,35,2400
2022-07-01,Bonfire,5.8,"Top rope solo. Has 2 bare hangers at the top",https://www.mountainproject.com/route/110410843/bonfire,2,"Oregon > Central Oregon > Smith Rock > (yy) Basalt Rimrock > Student Wall > Reproductive Wall",2.5,-1,TR,,Trad,,,2100
2022-06-27,"Worm Burner",V4,,https://www.mountainproject.com/route/113047930/worm-burner,1,"Idaho > West Idaho > Bogus Boulders > The Playground > Bee's Knees",3.3,-1,Attempt,,"Boulder, Alpine",,,20400
2022-06-27,"Ant Farm",V0,,https://www.mountainproject.com/route/116773833/ant-farm,1,"Idaho > West Idaho > Bogus Boulders > The Playground > Brad's Pit",2.0,-1,Flash,,"Boulder, Alpine",,,20008
2022-06-27,"Shwarm up",V1-2,,https://www.mountainproject.com/route/113047914/shwarm-up,1,"Idaho > West Idaho > Bogus Boulders > The Playground > Bee's Knees",2.0,-1,Send,,"Boulder, Alpine",,,20150
2022-06-27,"Humble Stand",V3,,https://www.mountainproject.com/route/113018386/humble-stand,1,"Idaho > West Idaho > Bogus Boulders > The Playground > The Llama boulder",3.0,-1,Send,,"Boulder, Alpine",,,20300
2022-06-24,"Freely Given",5.9,"Top rope solo",https://www.mountainproject.com/route/106280011/freely-given,4,"Idaho > North Idaho > Q'Emiln Park > Lower Ledge Area",2.6,-1,TR,,"Sport, TR",,50,2400
2022-06-24,"Just A Tease",5.9,,https://www.mountainproject.com/route/117990484/just-a-tease,1,"Idaho > North Idaho > Q'Emiln Park > Outlaw Wall",3.6,-1,Lead,Onsight,Sport,,90,2400
2022-06-24,K27,5.9,,https://www.mountainproject.com/route/117968999/k27,1,"Idaho > North Idaho > Q'Emiln Park > Outlaw Wall",3.7,-1,Lead,Flash,Sport,5.9,90,2400
2022-06-24,Bullwinkle,5.10c,,https://www.mountainproject.com/route/106427153/bullwinkle,1,"Idaho > North Idaho > Q'Emiln Park > Rocky Wall",2.8,-1,TR,,Sport,,50,3200
2022-06-24,Didgerdoo,5.8,,https://www.mountainproject.com/route/107293373/didgerdoo,1,"Idaho > North Idaho > Q'Emiln Park > Outback Wall",2.3,-1,TR,,Sport,,40,2100
2022-06-24,Sherman,5.9,,https://www.mountainproject.com/route/106383795/sherman,1,"Idaho > North Idaho > Q'Emiln Park > Garden Wall",2.7,-1,Lead,Onsight,"Sport, TR",,50,2400
2022-06-24,"Chimney Sweep",5.9,,https://www.mountainproject.com/route/108130538/chimney-sweep,1,"Idaho > North Idaho > Q'Emiln Park > The Grotto",2.6,-1,TR,,Sport,,30,2400
2022-06-24,Chimney,5.9,,https://www.mountainproject.com/route/108130530/chimney,1,"Idaho > North Idaho > Q'Emiln Park > The Grotto",3.0,-1,Lead,Onsight,Sport,,30,2400
2022-06-19,"Left Hand Start",V0+,,https://www.mountainproject.com/route/108299763/left-hand-start,1,"Idaho > West Idaho > Table Rock > The Fortress",3.0,-1,Send,,Boulder,,,20010
2022-06-19,"Wayback Layback",V-easy,,https://www.mountainproject.com/route/109876153/wayback-layback,3,"Idaho > West Idaho > Table Rock > Big Times Area",2.0,-1,Flash,,Boulder,,,20000
2022-06-19,"Mini crack",V0-1,,https://www.mountainproject.com/route/120839044/mini-crack,1,"Idaho > West Idaho > Table Rock > Big Times Area",3.0,-1,Send,,Boulder,,18,20050
2022-06-19,"Mickey Mantel",V0-,,https://www.mountainproject.com/route/107815237/mickey-mantel,2,"Idaho > West Idaho > Table Rock > Big Times Area",2.6,-1,Send,,Boulder,,15,20005
2022-06-18,Minuteman,5.8,"Top rope solo",https://www.mountainproject.com/route/109542590/minuteman,3,"Idaho > West Idaho > Black Cliffs > Short Cliffs",2.9,-1,TR,,Trad,,60,2100
2022-06-18,"Frosted Flake",5.10c,"Top rope solo",https://www.mountainproject.com/route/115384887/frosted-flake,1,"Idaho > West Idaho > Black Cliffs > Short Cliffs",2.3,-1,TR,,Trad,,40,3200
2022-06-18,"Trimmed Bush",5.10a/b,"Top rope solo",https://www.mountainproject.com/route/106060680/trimmed-bush,1,"Idaho > West Idaho > Black Cliffs > Short Cliffs",2.8,-1,TR,,Trad,,40,2800
2022-06-15,"Coupe de Ville",5.8,,https://www.mountainproject.com/route/114238617/coupe-de-ville,3,"Idaho > West Idaho > Black Cliffs > Short Cliffs",2.6,-1,TR,,"Trad, TR",,,2100
2022-06-06,"Dawn Patrol",5.8,,https://www.mountainproject.com/route/107609134/dawn-patrol,1,"Idaho > West Idaho > Black Cliffs > West Car Body Canyon",2.0,-1,TR,,Sport,,50,2100
2022-06-06,"Dawn Patrol",5.8,,https://www.mountainproject.com/route/107609134/dawn-patrol,1,"Idaho > West Idaho > Black Cliffs > West Car Body Canyon",2.0,-1,Lead,Redpoint,Sport,,50,2100
2022-06-03,"Blast Hole",V-easy,,https://www.mountainproject.com/route/107244571/blast-hole,2,"Idaho > West Idaho > Table Rock > Blasted Wall",2.0,-1,Send,,Boulder,,15,20000
2022-06-03,"Sleeping Dog",V0+,,https://www.mountainproject.com/route/107244549/sleeping-dog,1,"Idaho > West Idaho > Table Rock > Blasted Wall",2.0,-1,Flash,,Boulder,,15,20010
2022-06-03,"Drill Crack",V0,,https://www.mountainproject.com/route/107244559/drill-crack,5,"Idaho > West Idaho > Table Rock > Blasted Wall",1.5,-1,Send,,Boulder,,15,20008
2022-06-03,Tubular,V-easy,,https://www.mountainproject.com/route/107244582/tubular,3,"Idaho > West Idaho > Table Rock > Blasted Wall",1.8,-1,Send,,Boulder,,15,20000
2022-06-03,"C & L Route",V-easy,,https://www.mountainproject.com/route/107244610/c-l-route,1,"Idaho > West Idaho > Table Rock > Blasted Wall",1.5,-1,Flash,,Boulder,,15,20000
2022-06-03,"Peanut Butter Pockets",V2,,https://www.mountainproject.com/route/107401650/peanut-butter-pockets,2,"Idaho > West Idaho > Table Rock > Propeller Area",2.4,-1,Send,,Boulder,,12,20200
2022-05-27,Unnamed,V-easy,,https://www.mountainproject.com/route/122272122/unnamed,7,"Idaho > West Idaho > Swan Falls > Spice Girls Area",2.0,-1,Flash,,Boulder,,,20000
2022-05-27,Rifleman,V5,,https://www.mountainproject.com/route/119126446/rifleman,1,"Idaho > West Idaho > Swan Falls > Spice Girls Area",2.4,-1,Attempt,,Boulder,,10,20500
2022-05-27,Unnamed,V0,,https://www.mountainproject.com/route/121397124/unnamed,1,"Idaho > West Idaho > Swan Falls > Pullout Boulders",2.0,-1,Flash,,Boulder,,,20008
2022-05-27,"Bite the Bullet",V0+,,https://www.mountainproject.com/route/106891783/bite-the-bullet,2,"Idaho > West Idaho > Swan Falls > Pullout Boulders",1.5,-1,Send,,Boulder,,12,20010
2022-05-27,"Pullout Finger Crack",V0-,,https://www.mountainproject.com/route/106891773/pullout-finger-crack,4,"Idaho > West Idaho > Swan Falls > Pullout Boulders",2.0,-1,Send,,Boulder,,12,20005
2022-05-24,"Row Your Boat",5.10a,,https://www.mountainproject.com/route/110391960/row-your-boat,1,"Idaho > West Idaho > Black Cliffs > West Car Body Canyon",2.4,-1,TR,,Sport,,,2600
2022-05-24,Bolts-n-Burger,5.9,,https://www.mountainproject.com/route/108177993/bolts-n-burger,1,"Idaho > West Idaho > Black Cliffs > West Car Body Canyon",1.7,-1,TR,,Sport,,,2400
2022-05-24,"Dawn Patrol",5.8,,https://www.mountainproject.com/route/107609134/dawn-patrol,1,"Idaho > West Idaho > Black Cliffs > West Car Body Canyon",2.0,-1,TR,,Sport,,50,2100
2022-05-24,"Crunchy Frogs",5.9+,"Psyched myself out and took a small whipper on the third bolt",https://www.mountainproject.com/route/107234534/crunchy-frogs,1,"Idaho > West Idaho > Black Cliffs > West Car Body Canyon",2.1,-1,Lead,Fell/Hung,"Trad, Sport",,50,2500
2022-05-24,"Dawn Patrol",5.8,,https://www.mountainproject.com/route/107609134/dawn-patrol,1,"Idaho > West Idaho > Black Cliffs > West Car Body Canyon",2.0,-1,Lead,Onsight,Sport,,50,2100
2022-05-22,"Green Mossy Skull",V1-2,"Climbed with a jump start due to the poison ivy at the base",https://www.mountainproject.com/route/116597041/green-mossy-skull,1,"Idaho > West Idaho > Tram Trail Boulders",2.0,-1,Attempt,,Boulder,,13,20150
2022-05-22,"Warm-up Problem",V0,,https://www.mountainproject.com/route/110084214/warm-up-problem,2,"Idaho > West Idaho > Tram Trail Boulders",2.0,-1,Send,,Boulder,,12,20008
2022-05-22,"Unknown Problem",V2-3,,https://www.mountainproject.com/route/118745845/unknown-problem,1,"Idaho > West Idaho > Tram Trail Boulders",3.0,-1,Attempt,,Boulder,,,20250
2022-05-22,"Fistful of Inspiration",V1,,https://www.mountainproject.com/route/116491231/fistful-of-inspiration,1,"Idaho > West Idaho > Tram Trail Boulders",2.0,-1,Send,,Boulder,,15,20100
2022-05-22,"Fully Functional",V1,,https://www.mountainproject.com/route/116491286/fully-functional,2,"Idaho > West Idaho > Tram Trail Boulders",2.4,-1,Send,,Boulder,,15,20100
2022-05-18,"Heel Hook",V1,,https://www.mountainproject.com/route/109627018/heel-hook,2,"Idaho > West Idaho > Table Rock > The Table Boulder",1.8,-1,Send,,Boulder,,8,20100
2022-05-18,"Peanut Butter Pockets",V2,,https://www.mountainproject.com/route/107401650/peanut-butter-pockets,1,"Idaho > West Idaho > Table Rock > Propeller Area",2.4,-1,Send,,Boulder,,12,20200
2022-05-18,"Peanut Butter Right Arete",V0+,,https://www.mountainproject.com/route/108036673/peanut-butter-right-arete,1,"Idaho > West Idaho > Table Rock > Propeller Area",2.1,-1,Flash,,Boulder,,12,20010
2022-05-18,"Peanut Butter Left Arete",V0,,https://www.mountainproject.com/route/108036667/peanut-butter-left-arete,1,"Idaho > West Idaho > Table Rock > Propeller Area",1.8,-1,Flash,,Boulder,,10,20008
2022-05-14,"Fully Functional",V1,,https://www.mountainproject.com/route/116491286/fully-functional,2,"Idaho > West Idaho > Tram Trail Boulders",2.4,-1,Flash,,Boulder,,15,20100
2022-05-14,"Fistful of Inspiration",V1,,https://www.mountainproject.com/route/116491231/fistful-of-inspiration,1,"Idaho > West Idaho > Tram Trail Boulders",2.0,-1,Flash,,Boulder,,15,20100
2022-05-14,Warm-up,V2,,https://www.mountainproject.com/route/110084345/warm-up,1,"Idaho > West Idaho > Tram Trail Boulders",1.3,-1,Send,,Boulder,,12,20200
2022-05-14,"Boulder 3",V1,,https://www.mountainproject.com/route/119092127/boulder-3,1,"Idaho > West Idaho > Tram Trail Boulders",2.0,-1,Send,,Boulder,,12,20100
2022-05-14,"Warm-up Problem",V0,,https://www.mountainproject.com/route/110084214/warm-up-problem,1,"Idaho > West Idaho > Tram Trail Boulders",2.0,-1,Send,,Boulder,,12,20008
2022-05-14,"High Moon",V1-,,https://www.mountainproject.com/route/119359305/high-moon,2,"Idaho > West Idaho > Tram Trail Boulders",2.5,-1,Send,,Boulder,,10,20075
2022-05-14,"96 F",V1-,,https://www.mountainproject.com/route/113245967/96-f,2,"Idaho > West Idaho > Tram Trail Boulders",2.3,-1,Send,,Boulder,,10,20075
2022-05-11,"Warm-Up Problem",V-easy,,https://www.mountainproject.com/route/121012524/warm-up-problem,2,"Idaho > North Idaho > Moscow Mountain > Upper Rocks",1.0,-1,Send,,Boulder,,,20000
2022-05-11,"Possum's Razor",V0,,https://www.mountainproject.com/route/121012577/possums-razor,1,"Idaho > North Idaho > Moscow Mountain > Upper Rocks",2.0,-1,Send,,Boulder,,,20008
2022-05-11,"Occam's Possum",V0,,https://www.mountainproject.com/route/121012568/occams-possum,2,"Idaho > North Idaho > Moscow Mountain > Upper Rocks",1.5,-1,Flash,,Boulder,,,20008
2022-05-11,"Kibbie Doom",V2,,https://www.mountainproject.com/route/121012345/kibbie-doom,1,"Idaho > North Idaho > Moscow Mountain > Nemesis Cliff (AKA Granite Point)",3.0,3,Send,,Boulder,,,20200
2022-04-30,"Boulder 3",V1,,https://www.mountainproject.com/route/119092127/boulder-3,1,"Idaho > West Idaho > Tram Trail Boulders",2.0,-1,Flash,,Boulder,,12,20100
2022-04-30,"Warm-up Problem",V0,,https://www.mountainproject.com/route/110084214/warm-up-problem,1,"Idaho > West Idaho > Tram Trail Boulders",2.0,-1,Send,,Boulder,,12,20008
2022-04-30,"High Moon",V1-,,https://www.mountainproject.com/route/119359305/high-moon,1,"Idaho > West Idaho > Tram Trail Boulders",2.5,-1,Flash,,Boulder,,10,20075
2022-04-30,"96 F",V1-,,https://www.mountainproject.com/route/113245967/96-f,2,"Idaho > West Idaho > Tram Trail Boulders",2.3,-1,Flash,,Boulder,,10,20075
